﻿inst_nombre_institucion,estu_prgm_academico,media_global,key_muni,estu_mcpio_presentacion,inst_origen,inst_caracter_academico,anio
CORPORACION UNIVERSITARIA AUTONOMA DE NARIAO -AUNAR-PASTO,ADMINISTRACIAN DE EMPRESAS,126.88157894736842,CALI,CALI,NO OFICIAL - CORPORACIAN,INSTITUCIAN UNIVERSITARIA,2022
CORPORACION UNIVERSITARIA AUTONOMA DE NARIAO -AUNAR-PASTO,ADMINISTRACION DE EMPRESAS,128.26923076923077,PASTO,PASTO,NO OFICIAL - CORPORACIAN,INSTITUCIAN UNIVERSITARIA,2022
CORPORACION UNIVERSITARIA AUTONOMA DE NARIAO -AUNAR-PASTO,CONTADURAA PABLICA,131.92331288343559,BOGOTA D C,BOGOTÃ D.C.,NO OFICIAL - CORPORACIAN,INSTITUCIAN UNIVERSITARIA,2022
CORPORACION UNIVERSITARIA AUTONOMA DE NARIAO -AUNAR-PASTO,INGENIERAA INFORMATICA,141.8846153846154,CARTAGENA DE INDIAS,CARTAGENA DE INDIAS,NO OFICIAL - CORPORACIAN,INSTITUCIAN UNIVERSITARIA,2022
CORPORACION UNIVERSITARIA AUTONOMA DE NARIAO -AUNAR-PASTO,INGENIERAA INFORMATICA,139.78947368421052,BOGOTA D C,BOGOTÃ D.C.,NO OFICIAL - CORPORACIAN,INSTITUCIAN UNIVERSITARIA,2022
CORPORACION UNIVERSITARIA AUTONOMA DE NARIAO -AUNAR-PASTO,INGENIERIA ELECTRONICA,137.33333333333334,BOGOTA D C,BOGOTÃ D.C.,NO OFICIAL - CORPORACIAN,INSTITUCIAN UNIVERSITARIA,2022
CORPORACION UNIVERSITARIA AUTONOMA DE NARIAO -AUNAR-PASTO,INGENIERIA MECANICA,134.48275862068965,BOGOTA D C,BOGOTÃ D.C.,NO OFICIAL - CORPORACIAN,INSTITUCIAN UNIVERSITARIA,2022
CORPORACION UNIVERSITARIA AUTONOMA DE NARIAO -AUNAR-PASTO,SEGURIDAD Y SALUD EN EL TRABAJO,130.03125,BOGOTA D C,BOGOTÃ D.C.,NO OFICIAL - CORPORACIAN,INSTITUCIAN UNIVERSITARIA,2022
FUNDACION UNIVERSITARIA CATOLICA DEL SUR - UNICATOLICA DEL SUR-PASTO,ADMINISTRACION DE SERVICIOS DE SALUD,137.875,PASTO,PASTO,NO OFICIAL - FUNDACIAN,INSTITUCIAN UNIVERSITARIA,2022
INSTITUCION UNIVERSITARIA CENTRO DE ESTUDIOS SUPERIORES MARIA GORETTI-PASTO,ADMINISTRACION DE EMPRESAS,133.84615384615384,BOGOTA D C,BOGOTÃ D.C.,NO OFICIAL - FUNDACIAN,INSTITUCIAN UNIVERSITARIA,2022
INSTITUCION UNIVERSITARIA CENTRO DE ESTUDIOS SUPERIORES MARIA GORETTI-PASTO,ARQUITECTURA,133.95505617977528,BOGOTA D C,BOGOTÃ D.C.,NO OFICIAL - FUNDACIAN,INSTITUCIAN UNIVERSITARIA,2022
INSTITUCION UNIVERSITARIA CENTRO DE ESTUDIOS SUPERIORES MARIA GORETTI-PASTO,CONTADURIA PUBLICA,131.54945054945054,BOGOTA D C,BOGOTÃ D.C.,NO OFICIAL - FUNDACIAN,INSTITUCIAN UNIVERSITARIA,2022
INSTITUCION UNIVERSITARIA CENTRO DE ESTUDIOS SUPERIORES MARIA GORETTI-PASTO,DERECHO,139.3259911894273,BOGOTA D C,BOGOTÃ D.C.,NO OFICIAL - FUNDACIAN,INSTITUCIAN UNIVERSITARIA,2022
INSTITUCION UNIVERSITARIA CENTRO DE ESTUDIOS SUPERIORES MARIA GORETTI-PASTO,DISEAO GRAFICO,136.4375,BOGOTA D C,BOGOTÃ D.C.,NO OFICIAL - FUNDACIAN,INSTITUCIAN UNIVERSITARIA,2022
INSTITUCION UNIVERSITARIA CENTRO DE ESTUDIOS SUPERIORES MARIA GORETTI-PASTO,INGENIERAA ELECTRANICA,147.33333333333334,PASTO,PASTO,NO OFICIAL - FUNDACIAN,INSTITUCIAN UNIVERSITARIA,2022
INSTITUCION UNIVERSITARIA CENTRO DE ESTUDIOS SUPERIORES MARIA GORETTI-PASTO,INGENIERIA DE SISTEMAS,132.03846153846155,BOGOTA D C,BOGOTÃ D.C.,NO OFICIAL - FUNDACIAN,INSTITUCIAN UNIVERSITARIA,2022
INSTITUCION UNIVERSITARIA CENTRO DE ESTUDIOS SUPERIORES MARIA GORETTI-PASTO,LICENCIATURA EN EDUCACION FISICA,122.375,BOGOTA D C,BOGOTÃ D.C.,NO OFICIAL - FUNDACIAN,INSTITUCIAN UNIVERSITARIA,2022
INSTITUCION UNIVERSITARIA CENTRO DE ESTUDIOS SUPERIORES MARIA GORETTI-PASTO,LICENCIATURA EN EDUCACION INFANTIL,125.48,BOGOTA D C,BOGOTÃ D.C.,NO OFICIAL - FUNDACIAN,INSTITUCIAN UNIVERSITARIA,2022
INSTITUCION UNIVERSITARIA CENTRO DE ESTUDIOS SUPERIORES MARIA GORETTI-PASTO,LICENCIATURA EN EDUCACION PREESCOLAR,124.0,PASTO,PASTO,NO OFICIAL - FUNDACIAN,INSTITUCIAN UNIVERSITARIA,2022
INSTITUCION UNIVERSITARIA CENTRO DE ESTUDIOS SUPERIORES MARIA GORETTI-PASTO,PSICOLOGIA,133.70322580645163,PASTO,PASTO,NO OFICIAL - FUNDACIAN,INSTITUCIAN UNIVERSITARIA,2022
UNIVERSIDAD DE NARIAO-PASTO,ADMINISTRACIAN DE EMPRESAS,131.16666666666666,PASTO,PASTO,OFICIAL DEPARTAMENTAL,UNIVERSIDAD,2022
UNIVERSIDAD DE NARIAO-PASTO,ADMINISTRACION DE EMPRESAS,173.5,BOGOTA D C,BOGOTÃ D.C.,OFICIAL DEPARTAMENTAL,UNIVERSIDAD,2022
UNIVERSIDAD DE NARIAO-PASTO,ARQUITECTURA,150.88888888888889,BOGOTA D C,BOGOTÃ D.C.,OFICIAL DEPARTAMENTAL,UNIVERSIDAD,2022
UNIVERSIDAD DE NARIAO-PASTO,ARTES VISUALES,134.85714285714286,PASTO,PASTO,OFICIAL DEPARTAMENTAL,UNIVERSIDAD,2022
UNIVERSIDAD DE NARIAO-PASTO,BIOLOGIA,167.8,PASTO,PASTO,OFICIAL DEPARTAMENTAL,UNIVERSIDAD,2022
UNIVERSIDAD DE NARIAO-PASTO,COMERCIO INTERNACIONAL,146.13333333333333,BOGOTA D C,BOGOTÃ D.C.,OFICIAL DEPARTAMENTAL,UNIVERSIDAD,2022
UNIVERSIDAD DE NARIAO-PASTO,CONTADURAA PABLICA,148.28,BOGOTA D C,BOGOTÃ D.C.,OFICIAL DEPARTAMENTAL,UNIVERSIDAD,2022
UNIVERSIDAD DE NARIAO-PASTO,DERECHO,152.53571428571428,BOGOTA D C,BOGOTÃ D.C.,OFICIAL DEPARTAMENTAL,UNIVERSIDAD,2022
UNIVERSIDAD DE NARIAO-PASTO,DISEAO GRAFICO,144.73684210526315,PASTO,PASTO,OFICIAL DEPARTAMENTAL,UNIVERSIDAD,2022
UNIVERSIDAD DE NARIAO-PASTO,DISEAO INDUSTRIAL,147.83333333333334,BOGOTA D C,BOGOTÃ D.C.,OFICIAL DEPARTAMENTAL,UNIVERSIDAD,2022
UNIVERSIDAD DE NARIAO-PASTO,ECONOMAA,144.8918918918919,BOGOTA D C,BOGOTÃ D.C.,OFICIAL DEPARTAMENTAL,UNIVERSIDAD,2022
UNIVERSIDAD DE NARIAO-PASTO,ECONOMIA,153.35416666666666,PASTO,PASTO,OFICIAL DEPARTAMENTAL,UNIVERSIDAD,2022
UNIVERSIDAD DE NARIAO-PASTO,FISICA,169.05,BOGOTA D C,BOGOTÃ D.C.,OFICIAL DEPARTAMENTAL,UNIVERSIDAD,2022
UNIVERSIDAD DE NARIAO-PASTO,GEOGRAFIA,148.3448275862069,BOGOTA D C,BOGOTÃ D.C.,OFICIAL DEPARTAMENTAL,UNIVERSIDAD,2022
UNIVERSIDAD DE NARIAO-PASTO,INGENIERIA AGROFORESTAL,140.44230769230768,SAN ANDRES DE TUMACO,SAN ANDRÃS DE TUMACO,OFICIAL DEPARTAMENTAL,UNIVERSIDAD,2022
UNIVERSIDAD DE NARIAO-PASTO,INGENIERIA AGROINDUSTRIAL,155.61290322580646,PASTO,PASTO,OFICIAL DEPARTAMENTAL,UNIVERSIDAD,2022
UNIVERSIDAD DE NARIAO-PASTO,INGENIERIA AGRONOMICA,147.39583333333334,BOGOTA D C,BOGOTÃ D.C.,OFICIAL DEPARTAMENTAL,UNIVERSIDAD,2022
UNIVERSIDAD DE NARIAO-PASTO,INGENIERIA AMBIENTAL,156.75,PASTO,PASTO,OFICIAL DEPARTAMENTAL,UNIVERSIDAD,2022
UNIVERSIDAD DE NARIAO-PASTO,INGENIERIA CIVIL,154.4020618556701,BOGOTA D C,BOGOTÃ D.C.,OFICIAL DEPARTAMENTAL,UNIVERSIDAD,2022
UNIVERSIDAD DE NARIAO-PASTO,INGENIERIA DE SISTEMAS,153.04225352112675,PASTO,PASTO,OFICIAL DEPARTAMENTAL,UNIVERSIDAD,2022
UNIVERSIDAD DE NARIAO-PASTO,INGENIERIA ELECTRONICA,165.4848484848485,PASTO,PASTO,OFICIAL DEPARTAMENTAL,UNIVERSIDAD,2022
UNIVERSIDAD DE NARIAO-PASTO,INGENIERIA EN PRODUCCION ACUICOLA,144.52941176470588,BOGOTA D C,BOGOTÃ D.C.,OFICIAL DEPARTAMENTAL,UNIVERSIDAD,2022
UNIVERSIDAD DE NARIAO-PASTO,LICENCIATURA EN ARTES VISUALES,131.52631578947367,BOGOTA D C,BOGOTÃ D.C.,OFICIAL DEPARTAMENTAL,UNIVERSIDAD,2022
UNIVERSIDAD DE NARIAO-PASTO,LICENCIATURA EN CIENCIAS NATURALES Y EDUCACIAN AMBIENTAL,140.24137931034483,PASTO,PASTO,OFICIAL DEPARTAMENTAL,UNIVERSIDAD,2022
UNIVERSIDAD DE NARIAO-PASTO,LICENCIATURA EN CIENCIAS SOCIALES,159.64705882352942,BOGOTA D C,BOGOTÃ D.C.,OFICIAL DEPARTAMENTAL,UNIVERSIDAD,2022
UNIVERSIDAD DE NARIAO-PASTO,LICENCIATURA EN ESPAAOL E INGLES,159.86206896551724,PASTO,PASTO,OFICIAL DEPARTAMENTAL,UNIVERSIDAD,2022
UNIVERSIDAD DE NARIAO-PASTO,LICENCIATURA EN FILOSOFIA Y LETRAS,142.47916666666666,PASTO,PASTO,OFICIAL DEPARTAMENTAL,UNIVERSIDAD,2022
UNIVERSIDAD DE NARIAO-PASTO,LICENCIATURA EN INFORMATICA,150.77777777777777,BOGOTA D C,BOGOTÃ D.C.,OFICIAL DEPARTAMENTAL,UNIVERSIDAD,2022
UNIVERSIDAD DE NARIAO-PASTO,LICENCIATURA EN LENGUA CASTELLANA Y LITERATURA,121.91304347826087,SAN ANDRES DE TUMACO,SAN ANDRÃS DE TUMACO,OFICIAL DEPARTAMENTAL,UNIVERSIDAD,2022
UNIVERSIDAD DE NARIAO-PASTO,LICENCIATURA EN LENGUAS EXTRANJERAS CON ANFASIS EN INGLAS,169.375,BOGOTA D C,BOGOTÃ D.C.,OFICIAL DEPARTAMENTAL,UNIVERSIDAD,2022
UNIVERSIDAD DE NARIAO-PASTO,LICENCIATURA EN MATEMATICAS,147.8918918918919,BOGOTA D C,BOGOTÃ D.C.,OFICIAL DEPARTAMENTAL,UNIVERSIDAD,2022
UNIVERSIDAD DE NARIAO-PASTO,LICENCIATURA EN MUSICA,146.55,PASTO,PASTO,OFICIAL DEPARTAMENTAL,UNIVERSIDAD,2022
UNIVERSIDAD DE NARIAO-PASTO,MEDICINA,165.73134328358208,POPAYAN,POPAYÃN,OFICIAL DEPARTAMENTAL,UNIVERSIDAD,2022
UNIVERSIDAD DE NARIAO-PASTO,MEDICINA VETERINARIA,156.4375,PASTO,PASTO,OFICIAL DEPARTAMENTAL,UNIVERSIDAD,2022
UNIVERSIDAD DE NARIAO-PASTO,MERCADEO,146.54166666666666,BOGOTA D C,BOGOTÃ D.C.,OFICIAL DEPARTAMENTAL,UNIVERSIDAD,2022
UNIVERSIDAD DE NARIAO-PASTO,PSICOLOGIA,156.46666666666667,PASTO,PASTO,OFICIAL DEPARTAMENTAL,UNIVERSIDAD,2022
UNIVERSIDAD DE NARIAO-PASTO,QUIMICA,160.5,BOGOTA D C,BOGOTÃ D.C.,OFICIAL DEPARTAMENTAL,UNIVERSIDAD,2022
UNIVERSIDAD DE NARIAO-PASTO,SOCIOLOGAA,128.1076923076923,CALI,CALI,OFICIAL DEPARTAMENTAL,UNIVERSIDAD,2022
UNIVERSIDAD DE NARIAO-PASTO,SOCIOLOGIA,158.15151515151516,PASTO,PASTO,OFICIAL DEPARTAMENTAL,UNIVERSIDAD,2022
UNIVERSIDAD DE NARIAO-PASTO,ZOOTECNIA,149.82608695652175,BOGOTA D C,BOGOTÃ D.C.,OFICIAL DEPARTAMENTAL,UNIVERSIDAD,2022
UNIVERSIDAD MARIANA-PASTO,ADMINISTRACION DE NEGOCIOS INTERNACIONALES,139.19354838709677,PASTO,PASTO,NO OFICIAL - FUNDACIAN,UNIVERSIDAD,2022
UNIVERSIDAD MARIANA-PASTO,COMUNICACION SOCIAL,151.23076923076923,PASTO,PASTO,NO OFICIAL - FUNDACIAN,UNIVERSIDAD,2022
UNIVERSIDAD MARIANA-PASTO,CONTADURIA PUBLICA,144.73846153846154,PASTO,PASTO,NO OFICIAL - FUNDACIAN,UNIVERSIDAD,2022
UNIVERSIDAD MARIANA-PASTO,DERECHO,142.53246753246754,PASTO,BOGOTÃ D.C.,NO OFICIAL - FUNDACIAN,UNIVERSIDAD,2022
UNIVERSIDAD MARIANA-PASTO,ENFERMERIA,140.47368421052633,PASTO,PASTO,NO OFICIAL - FUNDACIAN,UNIVERSIDAD,2022
UNIVERSIDAD MARIANA-PASTO,FISIOTERAPIA,150.48979591836735,PASTO,BOGOTÃ D.C.,NO OFICIAL - FUNDACIAN,UNIVERSIDAD,2022
UNIVERSIDAD MARIANA-PASTO,INGENIERIA AMBIENTAL,147.68,PASTO,PASTO,NO OFICIAL - FUNDACIAN,UNIVERSIDAD,2022
UNIVERSIDAD MARIANA-PASTO,INGENIERIA CIVIL,156.8021978021978,PASTO,BOGOTÃ D.C.,NO OFICIAL - FUNDACIAN,UNIVERSIDAD,2022
UNIVERSIDAD MARIANA-PASTO,INGENIERIA DE PROCESOS,152.11111111111111,PASTO,BOGOTÃ D.C.,NO OFICIAL - FUNDACIAN,UNIVERSIDAD,2022
UNIVERSIDAD MARIANA-PASTO,INGENIERIA DE SISTEMAS,147.35714285714286,PASTO,BOGOTÃ D.C.,NO OFICIAL - FUNDACIAN,UNIVERSIDAD,2022
UNIVERSIDAD MARIANA-PASTO,INGENIERIA MECATRONICA,143.3658536585366,PASTO,BOGOTÃ D.C.,NO OFICIAL - FUNDACIAN,UNIVERSIDAD,2022
UNIVERSIDAD MARIANA-PASTO,LICENCIATURA EN EDUCACIAN BASICA PRIMARIA,130.58860759493672,PASTO,BOGOTÃ D.C.,NO OFICIAL - FUNDACIAN,UNIVERSIDAD,2022
UNIVERSIDAD MARIANA-PASTO,LICENCIATURA EN EDUCACION INFANTIL,129.3913043478261,PASTO,PASTO,NO OFICIAL - FUNDACIAN,UNIVERSIDAD,2022
UNIVERSIDAD MARIANA-PASTO,LICENCIATURA EN EDUCACION PREESCOLAR,81.0,PASTO,PUERTO ASÃS,NO OFICIAL - FUNDACIAN,UNIVERSIDAD,2022
UNIVERSIDAD MARIANA-PASTO,NUTRICION Y DIETETICA,146.28571428571428,PASTO,PASTO,NO OFICIAL - FUNDACIAN,UNIVERSIDAD,2022
UNIVERSIDAD MARIANA-PASTO,PROFESIONAL EN MERCADEO,133.12962962962962,PASTO,PASTO,NO OFICIAL - FUNDACIAN,UNIVERSIDAD,2022
UNIVERSIDAD MARIANA-PASTO,PSICOLOGIA,137.46428571428572,PASTO,PASTO,NO OFICIAL - FUNDACIAN,UNIVERSIDAD,2022
UNIVERSIDAD MARIANA-PASTO,TERAPIA OCUPACIONAL,134.33333333333334,PASTO,PASTO,NO OFICIAL - FUNDACIAN,UNIVERSIDAD,2022
UNIVERSIDAD MARIANA-PASTO,TRABAJO SOCIAL,134.45569620253164,PASTO,PASTO,NO OFICIAL - FUNDACIAN,UNIVERSIDAD,2022
