﻿n_estu,colegio_nombre,cole_mcpio_ubicacion,anio
113,BTO MODERNO DE ADULTOS EXTERNADO DEL SUR,PASTO,2022
10,CENTRO DE EDUCACION PARA ADULTOS ANTONIO RICAURTE,RICAURTE,2022
113,CENTRO EDUCATIVO BOLIVARIANO,PASTO,2022
18,CENTRO EDUCATIVO CECONPAZ,TAQUERRES,2022
32,CENTRO PEDAGAGICO MARIA DE LA PAZ,PASTO,2022
13,COL BILINGUE DEL PACIFICO,SAN ANDRAS DE TUMACO,2022
67,COL COMFAMILIAR DE NARIAO SIGLO XXI,PASTO,2022
65,COL ESTUDIAR AULA SIN FRONTERAS,PASTO,2022
80,COL FILIPENSE NUESTRA SRA DE LA ESPERANZA,PASTO,2022
129,COL INSUCA,PASTO,2022
70,COL LA INMACULADA,PASTO,2022
26,COL MILITAR COLOMBIA,PASTO,2022
12,COL MUSICAL BRITANICO,PASTO,2022
51,COL NUESTRA SEAORA DE LAS LAJAS,PASTO,2022
38,COL NUESTRA SRA DEL CARMEN,PASTO,2022
13,COL PARA ADULTOS COMFAMILIAR DE NARIAO,PASTO,2022
17,COL RAFAEL POMBO,SAN ANDRAS DE TUMACO,2022
125,COL SAN FELIPE NERI,PASTO,2022
83,COL SAN FRANCISCO JAVIER,PASTO,2022
90,COLEGIO BACHILLERATO COLSUP,PASTO,2022
36,COLEGIO CHAMPAGNAT,IPIALES,2022
12,COLEGIO COLOMBO SUIZO,PASTO,2022
80,COLEGIO DEL SAGRADO CORAZON DE JESUS,PASTO,2022
28,COLEGIO FILIPENSE,IPIALES,2022
2,COLEGIO HUMANISTA COLOMBIANO DEWEY,BUESACO,2022
12,COLEGIO INMACULADA CONCEPCIAN DE  TUMACO,SAN ANDRAS DE TUMACO,2022
48,COLEGIO INMACULADA CONCEPCION,IPIALES,2022
140,COLEGIO INSECOL S.A.S.,IPIALES,2022
36,COLEGIO LOS AMIGOS DE LA CIENCIA S.A.S ZOMAC,SAN ANDRAS DE TUMACO,2022
13,COLEGIO MI PEQUEAO MUNDO GIMNASIO LOS ANDES,PASTO,2022
18,COLEGIO MUNDO DE PRAGA,PASTO,2022
40,COLEGIO NUEVO HORIZONTE,SAN ANDRAS DE TUMACO,2022
33,COLEGIO PARA ADULTOS EDUCAR,IPIALES,2022
11,COLEGIO SAN FELIPE NERI,IPIALES,2022
13,COLEGIO TECNICO MILITAR ALMIRANTE TONO TUMACO SAS,SAN ANDRAS DE TUMACO,2022
76,I. E. CIUDADELA EDUCATIVA TUMAC,SAN ANDRAS DE TUMACO,2022
101,I. E. ROBERTO MARIO BISCHOFF,SAN ANDRAS DE TUMACO,2022
13,I. E. TECNICA PEAA COLORADA,SAN ANDRAS DE TUMACO,2022
12,I.E. BILINGAE AWA TECNICO AGROINDUSTRIAL PIANULPI,SAN ANDRAS DE TUMACO,2022
14,I.E. CHAJAL,SAN ANDRAS DE TUMACO,2022
42,I.E. FRANCISCO JOSE DE CALDAS,SAN ANDRAS DE TUMACO,2022
9,I.E. INDAGENA AGROAMBIENTAL MAYKER,CUMBAL,2022
12,I.E. LA ENSENADA,SAN ANDRAS DE TUMACO,2022
112,I.E. LLORENTE,SAN ANDRAS DE TUMACO,2022
16,I.E. MICROEMPRESARIAL LOS ANDES,IPIALES,2022
24,I.E. SANTANDER,TAQUERRES,2022
18,I.E. SIMAN BOLAVAR,PASTO,2022
35,I.E.M. AGUSTIN AGUALONGO,PASTO,2022
32,I.E.M. ANTONIO NARIAO,PASTO,2022
99,I.E.M. ARTEMIO MENDOZA CARVAJAL,PASTO,2022
30,I.E.M. AURELIO ARTURO MARTINEZ,PASTO,2022
22,I.E.M. CABRERA,PASTO,2022
63,I.E.M. CENT DE INTEGRACION POPULAR,PASTO,2022
56,I.E.M. CHAMBU,PASTO,2022
427,I.E.M. CIUDAD DE PASTO,PASTO,2022
51,I.E.M. CIUDADELA DE PAZ,PASTO,2022
176,I.E.M. CIUDADELA EDUCATIVA DE PASTO,PASTO,2022
65,I.E.M. CRISTO REY,PASTO,2022
22,I.E.M. EDUARDO ROMO ROSERO,PASTO,2022
21,I.E.M. EL SOCORRO,PASTO,2022
63,I.E.M. FRANCISCO DE LA VILLOTA,PASTO,2022
37,I.E.M. FRANCISCO JOSE DE CALDAS,PASTO,2022
9,I.E.M. GUALMATAN,PASTO,2022
108,I.E.M. HERALDO ROMERO SANCHEZ,PASTO,2022
53,I.E.M. JOSE ANTONIO GALAN,PASTO,2022
57,I.E.M. LA ROSA,PASTO,2022
216,I.E.M. LIBERTAD,PASTO,2022
93,I.E.M. LICEO CENTRAL DE NARIAO,PASTO,2022
347,I.E.M. LUIS DELFIN INSUASTY RODRIGUEZ,PASTO,2022
124,I.E.M. LUIS EDUARDO MORA OSEJO,PASTO,2022
39,I.E.M. MARCO FIDEL SUAREZ,PASTO,2022
240,I.E.M. MARIA GORETTI,PASTO,2022
57,I.E.M. MERCEDARIO,PASTO,2022
23,I.E.M. MORASURCO,PASTO,2022
235,I.E.M. NORMAL SUPERIOR DE PASTO,PASTO,2022
46,I.E.M. NUESTRA SEAORA DE GUADALUPE,PASTO,2022
12,I.E.M. NUESTRA SEAORA DE LA VISITACION,PASTO,2022
33,I.E.M. OBONUCO,PASTO,2022
24,I.E.M. PEDAGOGICO,PASTO,2022
55,I.E.M. SAN JOSE BETHLEMITAS,PASTO,2022
87,I.E.M. SAN JUAN BOSCO,PASTO,2022
55,I.E.M. SANTA BARBARA,PASTO,2022
66,I.E.M. SANTA TERESITA,PASTO,2022
212,I.E.M. TECNICO INDUSTRIAL,PASTO,2022
8,I.E.T. AGROP-AMBIENTAL BILINGUE INDA ZABALETA,SAN ANDRAS DE TUMACO,2022
153,IE .INST. TEC. POPULAR DE LA COSTA,SAN ANDRAS DE TUMACO,2022
10,IE ALTO MIRA FRONTERA,SAN ANDRAS DE TUMACO,2022
66,IE. AGROINDUSTRIAL SAN LUIS ROBLES,SAN ANDRAS DE TUMACO,2022
90,IE. CIUDADELA MIXTA COLOMBIA,SAN ANDRAS DE TUMACO,2022
17,IE. DOS QUEBRADAS,SAN ANDRAS DE TUMACO,2022
101,IE. FAUSTINO ARIAS REINEL,SAN ANDRAS DE TUMACO,2022
71,IE. GENERAL SANTANDER,SAN ANDRAS DE TUMACO,2022
104,IE. IBERIA,SAN ANDRAS DE TUMACO,2022
79,IE. IMBILI CARRETERA,SAN ANDRAS DE TUMACO,2022
71,IE. INMACULADA CONCEPCION,SAN ANDRAS DE TUMACO,2022
66,IE. INST. TEC. AGROPECUARIO DE CANDELILLAS CARRETERA,SAN ANDRAS DE TUMACO,2022
73,IE. INST. TEC. INDUSTRIAL NAL.,SAN ANDRAS DE TUMACO,2022
50,IE. INTEGRADA DE CHILVI,SAN ANDRAS DE TUMACO,2022
91,IE. LICEO NACIONAL MAX SEIDEL,SAN ANDRAS DE TUMACO,2022
6,IE. MANUEL BENITEZ DUCLERG,SAN ANDRAS DE TUMACO,2022
17,IE. MANUEL ELKIN PATARROLLO,SAN ANDRAS DE TUMACO,2022
142,IE. MISIONAL SANTA TERESITA,SAN ANDRAS DE TUMACO,2022
118,IE. NUESTRA SEAORA DE FATIMA,SAN ANDRAS DE TUMACO,2022
11,IE. NUESTRA SEAORA DE LAS LAJAS,SAN ANDRAS DE TUMACO,2022
36,IE. NUESTRA SEA¿ORA DEL CARMEN DE ESPRIELLA,SAN ANDRAS DE TUMACO,2022
58,IE. NUEVA FLORIDA,SAN ANDRAS DE TUMACO,2022
46,IE. SAN JOSE DE CAUNAPI,SAN ANDRAS DE TUMACO,2022
11,IE. SAN JUAN EVANGELISTA,SAN ANDRAS DE TUMACO,2022
150,IE. SANTA TERESITA,SAN ANDRAS DE TUMACO,2022
35,IE. TACNICO AGROPECUARIO TANGAREAL CARRETERA,SAN ANDRAS DE TUMACO,2022
146,INST CHAMPAGNAT,PASTO,2022
22,INST EDUC LUISEG,PASTO,2022
51,INST JORGE ELIECER GAITAN,PASTO,2022
43,INST SAN FRANCISCO DE ASIS,PASTO,2022
19,INST. VIGOTSKY,SAN ANDRAS DE TUMACO,2022
36,INSTITUCIAN EDUCATIVA AGROAMBIENTAL PUSPUED,MALLAMA,2022
14,INSTITUCIAN EDUCATIVA AGROECOLAGICO LA PLAYA,FRANCISCO PIZARRO,2022
19,INSTITUCIAN EDUCATIVA AGROINDUSTRIAL LA VICTORIA CON ANFASIS EN LA PRODUCCIAN DE CAFAS ESPECIALES,EL TABLAN DE GAMEZ,2022
17,INSTITUCIAN EDUCATIVA BILINGAE AGROINDUSTRIAL SINDAGUA - I.E.B.A.S,RICAURTE,2022
7,INSTITUCIAN EDUCATIVA CHAPIURCO,ALBAN,2022
14,INSTITUCIAN EDUCATIVA CURIACO,TAMINANGO,2022
7,INSTITUCIAN EDUCATIVA FATIMA,EL TABLAN DE GAMEZ,2022
17,INSTITUCIAN EDUCATIVA GUAPUSCAL ALTO,FUNES,2022
14,INSTITUCIAN EDUCATIVA LA ESTANCIA,SAN PEDRO DE CARTAGO,2022
58,INSTITUCIAN EDUCATIVA NUESTRA SEAORA DE LAS MERCEDES,EL TABLAN DE GAMEZ,2022
42,INSTITUCIAN EDUCATIVA NUESTRA SEAORA DEL CARMEN,EL CHARCO,2022
21,INSTITUCIAN EDUCATIVA PALO VERDE,LA UNIAN,2022
13,INSTITUCIAN EDUCATIVA PIZANDA,CUMBITARA,2022
5,INSTITUCIAN EDUCATIVA RESTREPO,POLICARPA,2022
17,INSTITUCIAN EDUCATIVA SAN PABLO DE LA MAR,LA TOLA,2022
7,INSTITUCIAN EDUCATIVA SANTA CRUZ,POLICARPA,2022
11,INSTITUCIAN EDUCATIVA SIDON,CUMBITARA,2022
10,INSTITUCION  AGROPECUARIA COMUNIDAD  INDIGENA  INKAI -AWA,RICAURTE,2022
59,INSTITUCION  EDUCATIVA  LAS MESAS  INSEM,EL TABLAN DE GAMEZ,2022
4,INSTITUCION  EDUCATIVA EL HORMIGUERO,EL CHARCO,2022
51,INSTITUCION  EDUCATIVA NORMAL SUPERIOR SAGRADO CORAZON DE JESUS,SAN PABLO,2022
42,INSTITUCION  EDUCATIVA ROSAFLORIDA,ARBOLEDA,2022
22,INSTITUCION EDUCATIVA  AGROPECUARIA MIGUEL ANGEL RANGEL,LA CRUZ,2022
26,INSTITUCION EDUCATIVA  AGROPECUARIA SANTA ANA,IMUAS,2022
20,INSTITUCION EDUCATIVA  AGROPECUARIA SIMON BOLIVAR,SANDONA,2022
67,INSTITUCION EDUCATIVA  ANTONIO NARIAO,SAN PABLO,2022
14,INSTITUCION EDUCATIVA  EL MANZANO,TAMINANGO,2022
23,INSTITUCION EDUCATIVA  EL TABLON,TAMINANGO,2022
14,INSTITUCION EDUCATIVA  JESUS DE PRAGA,SANDONA,2022
55,INSTITUCION EDUCATIVA  MICROEMPRESARIAL DE CABUYALES,LA CRUZ,2022
57,INSTITUCION EDUCATIVA  MUNICIPAL EL ENCANO,PASTO,2022
46,INSTITUCION EDUCATIVA  POLICARPA,POLICARPA,2022
10,INSTITUCION EDUCATIVA AGRICOLA DE LA SABANA,TAQUERRES,2022
9,INSTITUCION EDUCATIVA AGROAMBIENTAL SANTA ROSA,BELAN,2022
11,INSTITUCION EDUCATIVA AGROECOLOGICA SAGRADO CORAZON DE JESUS,CUMBAL,2022
38,INSTITUCION EDUCATIVA AGROINDUSTRIAL LOS PASTOS,IPIALES,2022
16,INSTITUCION EDUCATIVA AGROPECUARIA ALTAMIRA,POLICARPA,2022
17,INSTITUCION EDUCATIVA AGROPECUARIA BOMBONA,CONSACA,2022
19,INSTITUCION EDUCATIVA AGROPECUARIA CUATRO ESQUINAS,TAQUERRES,2022
4,INSTITUCION EDUCATIVA AGROPECUARIA EL EJIDO,POLICARPA,2022
17,INSTITUCION EDUCATIVA AGROPECUARIA EL REMOLINO,TAMINANGO,2022
14,INSTITUCION EDUCATIVA AGROPECUARIA INDAGENA SEBASTIAN GARCIA CARLOSAMA,CUASPAD,2022
43,INSTITUCION EDUCATIVA AGROPECUARIA INDIGENA DE PANAN,CUMBAL,2022
11,INSTITUCION EDUCATIVA AGROPECUARIA LA ESPERANZA,BELAN,2022
9,INSTITUCION EDUCATIVA AGROPECUARIA LA FLORESTA,SAPUYES,2022
30,INSTITUCION EDUCATIVA AGROPECUARIA LA VEGA,SAN BERNARDO,2022
29,INSTITUCION EDUCATIVA AGROPECUARIA LUIS ANTONIO MONTERO,POTOSA,2022
18,INSTITUCION EDUCATIVA AGROPECUARIA MARISCAL SUCRE,FUNES,2022
9,INSTITUCION EDUCATIVA AGROPECUARIA POLACHAYAN,TAQUERRES,2022
24,INSTITUCION EDUCATIVA AGROPECUARIA SAN CARLOS,COLAN,2022
24,INSTITUCION EDUCATIVA AGROPECUARIA SAN JUAN BAUTISTA DE LA SALLE,MALLAMA,2022
15,INSTITUCION EDUCATIVA AGROPECUARIA SAN MARTIN DE PORRES,SAMANIEGO,2022
18,INSTITUCION EDUCATIVA AGROPECUARIA VERACRUZ,BUESACO,2022
12,INSTITUCION EDUCATIVA AGROPECUARIA Y AMBIENTAL ARCA DE NOE,LA TOLA,2022
12,INSTITUCION EDUCATIVA AGROPECUARIO DEL RIO SANQUIANGA,OLAYA HERRERA,2022
25,INSTITUCION EDUCATIVA AGROPECUARIO LA PLANADA,LOS ANDES,2022
13,INSTITUCION EDUCATIVA AGROPECUARIO SANTA ROSA,CUMBITARA,2022
21,INSTITUCION EDUCATIVA ALBERTO QUIJANO GUERRERO,TANGUA,2022
11,INSTITUCION EDUCATIVA ALFONSO LOPEZ,IPIALES,2022
25,INSTITUCION EDUCATIVA ANDES DE CUICAL,CUMBAL,2022
13,INSTITUCION EDUCATIVA BAJO SINAI,POTOSA,2022
13,INSTITUCION EDUCATIVA BUENAVISTA,BARBACOAS,2022
50,INSTITUCION EDUCATIVA CAMILO TORRES,CUASPAD,2022
86,INSTITUCION EDUCATIVA CARLOS ALBORNOZ ROSAS,ANCUYA,2022
70,INSTITUCION EDUCATIVA CHACHAGUI,CHACHAGAA,2022
23,INSTITUCION EDUCATIVA CHAPACUAL,YACUANQUER,2022
190,INSTITUCION EDUCATIVA CIUDAD DE IPIALES,IPIALES,2022
34,INSTITUCION EDUCATIVA COLEGIO DEPTAL SAN CARLOS,CONTADERO,2022
66,INSTITUCION EDUCATIVA COLEGIO JOSE ANTONIO GALAN,ILES,2022
6,INSTITUCION EDUCATIVA COLEGIO MUNICIPAL DE OLAYA,TAQUERRES,2022
112,INSTITUCION EDUCATIVA COMERCIAL LITORAL PACIFICO,OLAYA HERRERA,2022
23,INSTITUCION EDUCATIVA COMERCIAL SAN LUIS,ALDANA,2022
35,INSTITUCION EDUCATIVA CONCENTRACION DE DESARROLLO RURAL,YACUANQUER,2022
6,INSTITUCION EDUCATIVA CUNCHILA,OSPINA,2022
63,INSTITUCION EDUCATIVA DE BACHILLERATO,LA CRUZ,2022
6,INSTITUCION EDUCATIVA DE BAZAN,EL CHARCO,2022
49,INSTITUCION EDUCATIVA DE COMERCIO,PUPIALES,2022
30,INSTITUCION EDUCATIVA DE DESARROLLO RURAL DE BERRUECOS,ARBOLEDA,2022
15,INSTITUCION EDUCATIVA DE DESARROLLO RURAL,CONSACA,2022
83,INSTITUCION EDUCATIVA DE DESARROLLO RURAL,LA UNIAN,2022
11,INSTITUCION EDUCATIVA DEL NORTE MUNICIPIO DE ILES,ILES,2022
82,INSTITUCION EDUCATIVA DEL SUR - INESUR,PASTO,2022
55,INSTITUCION EDUCATIVA DEL SUR,IPIALES,2022
38,INSTITUCION EDUCATIVA DEPARTAMENTAL LOS HEROES,PUPIALES,2022
58,INSTITUCION EDUCATIVA DEPTAL JUAN PABLO I,LA LLANADA,2022
43,INSTITUCION EDUCATIVA DIEGO LUIS CORDOBA,LINARES,2022
85,INSTITUCION EDUCATIVA DIVINO NIAO JESUS,CUMBAL,2022
17,INSTITUCION EDUCATIVA DIVINO NIA¿O GENOVA,COLAN,2022
15,INSTITUCION EDUCATIVA ECOLOGICA LA COCHA,ARBOLEDA,2022
41,INSTITUCION EDUCATIVA EL CANAL NOCTURNO MARIANO OSPINA PEREZ,EL CHARCO,2022
18,INSTITUCION EDUCATIVA EL DIVISO,BARBACOAS,2022
29,INSTITUCION EDUCATIVA EL PALMAR,LEIVA,2022
44,INSTITUCION EDUCATIVA EL PARAMO,TAMINANGO,2022
17,INSTITUCION EDUCATIVA EL PLACER,IPIALES,2022
93,INSTITUCION EDUCATIVA ELISEO PAYAN,MAGAA,2022
89,INSTITUCION EDUCATIVA ESCUELA NORMAL SUPERIOR SAN CARLOS,LA UNIAN,2022
57,INSTITUCION EDUCATIVA FRANCISCO DE PAULA SANTANDER,OSPINA,2022
38,INSTITUCION EDUCATIVA GABRIEL GARCIA MARQUEZ,IPIALES,2022
123,INSTITUCION EDUCATIVA GENARO LEON,GUACHUCAL,2022
6,INSTITUCION EDUCATIVA GUSTIN SANTACRUZ,LA FLORIDA,2022
17,INSTITUCION EDUCATIVA INDIGENA SANTA TERESITA DE MUESES,POTOSA,2022
7,INSTITUCION EDUCATIVA INMACULADA CONCEPCION DE TALLAMBI,CUMBAL,2022
59,INSTITUCION EDUCATIVA INSTITUTO TECNICO GIRARDOT,TAQUERRES,2022
98,INSTITUCION EDUCATIVA INSTITUTO TERESIANO,TAQUERRES,2022
115,INSTITUCION EDUCATIVA JESUS DE NAZARETH,IPIALES,2022
40,INSTITUCION EDUCATIVA JESUS DEL GRAN PODER,IMUAS,2022
68,INSTITUCION EDUCATIVA JESUS NAZARENO,EL TAMBO,2022
62,INSTITUCION EDUCATIVA JORGE ELIECER GAITAN,EL PEAOL,2022
43,INSTITUCION EDUCATIVA JOSE ANTONIO GALAN,SAN BERNARDO,2022
164,INSTITUCION EDUCATIVA JOSE ANTONIO LLORENTE,CUMBAL,2022
8,INSTITUCION EDUCATIVA JOSE MARIA NAVARRETE,TANGUA,2022
70,INSTITUCION EDUCATIVA JUAN IGNACIO ORTIZ,ALBAN,2022
57,INSTITUCION EDUCATIVA JUAN PABLO II,NARIAO,2022
68,INSTITUCION EDUCATIVA JUAN XXIII,PUERRES,2022
144,INSTITUCION EDUCATIVA JUANAMBU,LA UNIAN,2022
24,INSTITUCION EDUCATIVA JUBANGUANA,BUESACO,2022
12,INSTITUCION EDUCATIVA LA INMACULADA DE ROBLES,LA FLORIDA,2022
72,INSTITUCION EDUCATIVA LA INMACULADA,OLAYA HERRERA,2022
14,INSTITUCION EDUCATIVA LA PAZ,LOS ANDES,2022
39,INSTITUCION EDUCATIVA LA VICTORIA,IPIALES,2022
4,INSTITUCION EDUCATIVA LAS DELICIAS,CONTADERO,2022
16,INSTITUCION EDUCATIVA LAS DELICIAS,LEIVA,2022
15,INSTITUCION EDUCATIVA LAS LAJAS,IPIALES,2022
13,INSTITUCION EDUCATIVA LAS MARIAS,OLAYA HERRERA,2022
28,INSTITUCION EDUCATIVA LEOPOLDO LOPEZ ALVAREZ,COLAN,2022
56,INSTITUCION EDUCATIVA LICEO DEL PACIFICO,MOSQUERA,2022
52,INSTITUCION EDUCATIVA LICEO SAN ANDRES DE TUMACO,SAN ANDRAS DE TUMACO,2022
20,INSTITUCION EDUCATIVA LOS ARRAYANES,CARDOBA,2022
52,INSTITUCION EDUCATIVA LOS LIBERTADORES,CONSACA,2022
19,INSTITUCION EDUCATIVA LUIS CARLOS GALAN,LINARES,2022
30,INSTITUCION EDUCATIVA LUIS IRIZAR SALAZAR,BARBACOAS,2022
30,INSTITUCION EDUCATIVA MADRIGAL SAN FRANCISCO DE ASIS,POLICARPA,2022
39,INSTITUCION EDUCATIVA MARIA LUZ,IMUAS,2022
2,INSTITUCION EDUCATIVA MERIZALDE PORVENIR,OLAYA HERRERA,2022
56,INSTITUCION EDUCATIVA MISAEL PASTRANA BORRERO,TANGUA,2022
14,INSTITUCION EDUCATIVA MONOPAMBA,PUERRES,2022
52,INSTITUCION EDUCATIVA MUNICIPIO DE FUNES,FUNES,2022
52,INSTITUCION EDUCATIVA MUNICIPIO DE MALLAMA,MALLAMA,2022
56,INSTITUCION EDUCATIVA NACIONAL SEMINARIO,IPIALES,2022
29,INSTITUCION EDUCATIVA NAZARET,IPIALES,2022
76,INSTITUCION EDUCATIVA NORMAL SUPERIOR DEL MAYO,LA CRUZ,2022
104,INSTITUCION EDUCATIVA NORMAL SUPERIOR LA INMACULADA,BARBACOAS,2022
59,INSTITUCION EDUCATIVA NORMAL SUPERIOR PIO XII,PUPIALES,2022
38,INSTITUCION EDUCATIVA NUESTRA SEAORA DE BELEN,BELAN,2022
51,INSTITUCION EDUCATIVA NUESTRA SEAORA DE FATIMA,SANDONA,2022
14,INSTITUCION EDUCATIVA NUESTRA SEAORA DE LAS LAJAS,ANCUYA,2022
33,INSTITUCION EDUCATIVA NUESTRA SEAORA DE LAS LAJAS,CHACHAGAA,2022
46,INSTITUCION EDUCATIVA NUESTRA SEAORA DE LAS LAJAS,IPIALES,2022
71,INSTITUCION EDUCATIVA NUESTRA SEAORA DE LAS NIEVES,GUAITARILLA,2022
55,INSTITUCION EDUCATIVA NUESTRA SEAORA DE LOURDES,POTOSA,2022
13,INSTITUCION EDUCATIVA NUESTRA SEAORA DEL CARMEN,EL ROSARIO,2022
41,INSTITUCION EDUCATIVA NUESTRA SEAORA DEL CARMEN,SAN LORENZO,2022
18,INSTITUCION EDUCATIVA NUESTRA SEAORA DEL CARMEN,TANGUA,2022
61,INSTITUCION EDUCATIVA NUESTRA SEAORA DEL PILAR,ALDANA,2022
21,INSTITUCION EDUCATIVA NUESTRA SEAORA DEL ROSARIO,COLAN,2022
25,INSTITUCION EDUCATIVA NUESTRA SEAORA DEL ROSARIO,EL ROSARIO,2022
19,INSTITUCION EDUCATIVA NUESTRA SEAORA DELCARMEN,LA FLORIDA,2022
13,INSTITUCION EDUCATIVA NUESTRA SRA. DE FATIMA,CARDOBA,2022
61,INSTITUCION EDUCATIVA NUESTRO SEA¿OR DEL RIO DE CHILES,CUMBAL,2022
29,INSTITUCION EDUCATIVA OSPINA PEREZ,RICAURTE,2022
130,INSTITUCION EDUCATIVA PABLO VI,TAMINANGO,2022
27,INSTITUCION EDUCATIVA PEDRO DE ADRADA,TAMINANGO,2022
76,INSTITUCION EDUCATIVA PEDRO LEON TORRES,YACUANQUER,2022
51,INSTITUCION EDUCATIVA PEREZ PALLARES,IPIALES,2022
35,INSTITUCION EDUCATIVA POLICARPA BOCA DE TELEMBI,ROBERTO PAYAN,2022
118,INSTITUCION EDUCATIVA POLICARPA SALAVARRIETA,SAMANIEGO,2022
26,INSTITUCION EDUCATIVA POLITECNICA SANTA BARBARA,SANTA BARBARA,2022
28,INSTITUCION EDUCATIVA POLITECNICO JUAN BOLAAOS,ALBAN,2022
60,INSTITUCION EDUCATIVA POLITECNICO MARCELO MIRANDA,IPIALES,2022
62,INSTITUCION EDUCATIVA PROVIDENCIA,PROVIDENCIA,2022
15,INSTITUCION EDUCATIVA PUENES,IPIALES,2022
4,INSTITUCION EDUCATIVA PUMBI LAS LAJAS,ROBERTO PAYAN,2022
68,INSTITUCION EDUCATIVA RAFAEL URIBE URIBE,BUESACO,2022
92,INSTITUCION EDUCATIVA RICAURTE,RICAURTE,2022
58,INSTITUCION EDUCATIVA RIO TAPAJE,EL CHARCO,2022
16,INSTITUCION EDUCATIVA SAGRADO CORAZON DE JESUS,EL ROSARIO,2022
107,INSTITUCION EDUCATIVA SAGRADO CORAZON DE JESUS,EL TAMBO,2022
90,INSTITUCION EDUCATIVA SAGRADO CORAZON DE JESUS,SAN LORENZO,2022
17,INSTITUCION EDUCATIVA SAGRADO CORAZON DE JESUS,SANDONA,2022
17,INSTITUCION EDUCATIVA SAGRADOS CORAZONES DE JESUS Y MARIA,CHACHAGAA,2022
23,INSTITUCION EDUCATIVA SAN ALEJANDRO,GUAITARILLA,2022
11,INSTITUCION EDUCATIVA SAN ANTONIO DE PADUA,BUESACO,2022
10,INSTITUCION EDUCATIVA SAN ANTONIO DE PADUA,POTOSA,2022
31,INSTITUCION EDUCATIVA SAN BARTOLOME DE LA FLORIDA,LA FLORIDA,2022
95,INSTITUCION EDUCATIVA SAN BARTOLOME,CARDOBA,2022
22,INSTITUCION EDUCATIVA SAN FRANCISCO DE ASIS,ANCUYA,2022
30,INSTITUCION EDUCATIVA SAN FRANCISCO DE ASIS,EL PEAOL,2022
16,INSTITUCION EDUCATIVA SAN FRANCISCO DE ASIS,ILES,2022
42,INSTITUCION EDUCATIVA SAN FRANCISCO DE ASIS,IPIALES,2022
20,INSTITUCION EDUCATIVA SAN FRANCISCO DE ASIS,LINARES,2022
126,INSTITUCION EDUCATIVA SAN FRANCISCO DE ASIS,TAQUERRES,2022
56,INSTITUCION EDUCATIVA SAN GERARDO,LEIVA,2022
10,INSTITUCION EDUCATIVA SAN IGNACIO,BUESACO,2022
9,INSTITUCION EDUCATIVA SAN ISIDRO,OSPINA,2022
5,INSTITUCION EDUCATIVA SAN JOSE CALABAZAL,OLAYA HERRERA,2022
18,INSTITUCION EDUCATIVA SAN JOSE DE CHILLANQUER,GUACHUCAL,2022
16,INSTITUCION EDUCATIVA SAN JOSE DE MATITUY,LA FLORIDA,2022
37,INSTITUCION EDUCATIVA SAN JOSE DEL TAPAJE,EL CHARCO,2022
55,INSTITUCION EDUCATIVA SAN JOSE DEL TELEMBI,ROBERTO PAYAN,2022
42,INSTITUCION EDUCATIVA SAN JOSE,GUALMATAN,2022
42,INSTITUCION EDUCATIVA SAN JUAN BAUTISTA,SANTACRUZ,2022
11,INSTITUCION EDUCATIVA SAN JUAN DE MAYASQUER,CUMBAL,2022
23,INSTITUCION EDUCATIVA SAN JUAN,IPIALES,2022
23,INSTITUCION EDUCATIVA SAN LORENZO DE YARAMAL,IPIALES,2022
134,INSTITUCION EDUCATIVA SAN LUIS GONZAGA,TAQUERRES,2022
12,INSTITUCION EDUCATIVA SAN MATEO,PUERRES,2022
44,INSTITUCION EDUCATIVA SAN PEDRO DE CARTAGO,SAN PEDRO DE CARTAGO,2022
38,INSTITUCION EDUCATIVA SAN PEDRO,CUMBITARA,2022
24,INSTITUCION EDUCATIVA SAN PEDRO,EL TAMBO,2022
43,INSTITUCION EDUCATIVA SAN SEBASTIAN DE YASCUAL,TAQUERRES,2022
23,INSTITUCION EDUCATIVA SANTA MARIA,BUESACO,2022
20,INSTITUCION EDUCATIVA SANTA MARTHA,SAN LORENZO,2022
10,INSTITUCION EDUCATIVA SANTA ROSA DE LIMA,BUESACO,2022
18,INSTITUCION EDUCATIVA SANTA ROSA DE LIMA,EL ROSARIO,2022
28,INSTITUCION EDUCATIVA SANTA TERESITA DE ALTAQUER,BARBACOAS,2022
19,INSTITUCION EDUCATIVA SANTANDER,CARDOBA,2022
14,INSTITUCION EDUCATIVA SANTANDER,LA UNIAN,2022
149,INSTITUCION EDUCATIVA SANTO TOMAS DE AQUINO,SANDONA,2022
57,INSTITUCION EDUCATIVA SEAOR DEL MAR,FRANCISCO PIZARRO,2022
29,INSTITUCION EDUCATIVA SEBASTIAN DE BELALCAZAR,SAPUYES,2022
150,INSTITUCION EDUCATIVA SIMON BOLIVAR,SAMANIEGO,2022
65,INSTITUCION EDUCATIVA SOFONIAS YACUP,LA TOLA,2022
210,INSTITUCION EDUCATIVA SUCRE,IPIALES,2022
26,INSTITUCION EDUCATIVA TACNICA AGROPECUARIA Y DE SISTEMAS SIMON ALVAREZ,SAMANIEGO,2022
8,INSTITUCION EDUCATIVA TACNICA COMERCIAL PANGAS,LOS ANDES,2022
8,INSTITUCION EDUCATIVA TACNICO AGROPECUARIA RODRIGO LARA BONILLA,LA LLANADA,2022
40,INSTITUCION EDUCATIVA TECNICA  NUESTRA SEAORA DE LOURDES,SANTACRUZ,2022
29,INSTITUCION EDUCATIVA TECNICA AGRICOLA JOSE MARIA HERNANDEZ,PUPIALES,2022
13,INSTITUCION EDUCATIVA TECNICA AGROECOLOGICA DEL RESGUARDO DE MALES,CARDOBA,2022
25,INSTITUCION EDUCATIVA TECNICA AGROPECUARIA EL EMPALME,IPIALES,2022
14,INSTITUCION EDUCATIVA TECNICA AGROPECUARIA INDIGENA CUMBE,CUMBAL,2022
20,INSTITUCION EDUCATIVA TECNICA AGROPECUARIA INDIGENA DEL RESGUARDO DE MALES.,CARDOBA,2022
19,INSTITUCION EDUCATIVA TECNICA AGROPECUARIA INDIGENA LIBARDO RAMIRO MUAOZ,GUACHUCAL,2022
20,INSTITUCION EDUCATIVA TECNICA AGROPECUARIA SALINAS,SAN LORENZO,2022
36,INSTITUCION EDUCATIVA TECNICA AGROPECUARIA SAN DIEGO,GUACHUCAL,2022
21,INSTITUCION EDUCATIVA TECNICA AGROPECUARIA SAN GERARDO,SAN LORENZO,2022
26,INSTITUCION EDUCATIVA TECNICA AGROPECUARIA SANTA CECILIA,SAN LORENZO,2022
57,INSTITUCION EDUCATIVA TECNICA COMERCIAL SAN JUAN BAUTISTA,EL CHARCO,2022
19,INSTITUCION EDUCATIVA TECNICA EL ESPINO,SAPUYES,2022
14,INSTITUCION EDUCATIVA TECNICA INDUSTRIAL SAN GERARDO,LA CRUZ,2022
20,INSTITUCION EDUCATIVA TECNICA MANUEL BRICEAO,SAN PABLO,2022
47,INSTITUCION EDUCATIVA TECNICA MARIA AUXILIADORA,GUAITARILLA,2022
16,INSTITUCION EDUCATIVA TECNICA PROMOCION SOCIAL,GUALMATAN,2022
58,INSTITUCION EDUCATIVA TECNICA SAN FRANCISCO DE ASIS,LA CRUZ,2022
10,INSTITUCION EDUCATIVA TECNICA SANTO TOMAS,GUALMATAN,2022
5,INSTITUCION EDUCATIVA TECNICO AGROECOLOGICO EL MOTILON,SAMANIEGO,2022
124,INSTITUCION EDUCATIVA TECNICO SAN JUAN BAUTISTA,LOS ANDES,2022
41,INSTITUCION EDUCATIVA TECNOLOGICA AGROAMBIENTAL INDIGENA AWA,BARBACOAS,2022
69,INSTITUCION EDUCATIVA TOMAS ARTURO SANCHEZ,IPIALES,2022
6,INSTITUCION EDUCATIVA VALPARAISO BAJO,SAN LORENZO,2022
12,INSTITUCION EDUCATIVA VILLAMORENO,BUESACO,2022
15,INSTITUCION EDUCATIVA YO REINARE,CUMBAL,2022
36,INSTITUCION EDUCATIVO  AGROPECUARIA INGA DE APONTE,EL TABLAN DE GAMEZ,2022
52,INSTITUCION PARA JAVENES Y ADULTOS PAULO FREIRE,IPIALES,2022
22,INSTITUTO BET - EL,PASTO,2022
66,INSTITUTO DE EDUCACIAN TACNICA INESUR,POTOSA,2022
4,INSTITUTO DE EDUCACIAN TACNICA PARA EL DESARROLLO INCATD,PUPIALES,2022
122,INSTITUTO DE EDUCACIAN TECNICA INESUR,IPIALES,2022
16,INSTITUTO DE EDUCACION TECNICA AVANCEMOS,IPIALES,2022
1,INSTITUTO DE ESTUDIOS TACNICOS LABORALES  INSETEC,IPIALES,2022
45,INSTITUTO EDUCATIVO ALBERTO QUIJANO VODNIZA,PASTO,2022
8,INSTITUTO EDUCATIVO LUISEG,BUESACO,2022
14,INSTITUTO GABRIEL GARCIA MARQUEZ,SAN ANDRAS DE TUMACO,2022
13,INSTITUTO GRAN COLOMBIANO JOSE MUTIS,PASTO,2022
26,INTEC&SISTEM INSTITUTO TECNICO DE EDUCACION Y SISTEMAS,BUESACO,2022
84,LIC INTEGD DE BTO UNIVERSIDAD DE NARIAO,PASTO,2022
80,LIC SANTA TERESITA DE PASTO,PASTO,2022
53,LICEO DE LA MERCED MARIDIAZ,PASTO,2022
193,LICEO JOSE FELIX JIMENEZ,PASTO,2022
