﻿inst_nombre_institucion,estu_prgm_academico,media_global,key_muni,estu_mcpio_presentacion,inst_origen,inst_caracter_academico,anio
CORPORACION UNIVERSITARIA AUTONOMA DE NARIAO -AUNAR-PASTO,ADMINISTRACIAN DE EMPRESAS,130.56983240223462,IPIALES,IPIALES,NO OFICIAL - CORPORACIAN,INSTITUCIAN UNIVERSITARIA,2023
CORPORACION UNIVERSITARIA AUTONOMA DE NARIAO -AUNAR-PASTO,ADMINISTRACION DE EMPRESAS,136.26666666666668,PASTO,PASTO,NO OFICIAL - CORPORACIAN,INSTITUCIAN UNIVERSITARIA,2023
CORPORACION UNIVERSITARIA AUTONOMA DE NARIAO -AUNAR-PASTO,CONTADURAA PABLICA,132.090206185567,CARTAGENA DE INDIAS,CARTAGENA DE INDIAS,NO OFICIAL - CORPORACIAN,INSTITUCIAN UNIVERSITARIA,2023
CORPORACION UNIVERSITARIA AUTONOMA DE NARIAO -AUNAR-PASTO,INGENIERAA INFORMATICA,137.84375,VILLAVICENCIO,VILLAVICENCIO,NO OFICIAL - CORPORACIAN,INSTITUCIAN UNIVERSITARIA,2023
CORPORACION UNIVERSITARIA AUTONOMA DE NARIAO -AUNAR-PASTO,INGENIERAA INFORMATICA,141.1904761904762,CALI,CALI,NO OFICIAL - CORPORACIAN,INSTITUCIAN UNIVERSITARIA,2023
CORPORACION UNIVERSITARIA AUTONOMA DE NARIAO -AUNAR-PASTO,INGENIERIA ELECTRONICA,146.42857142857142,PASTO,PASTO,NO OFICIAL - CORPORACIAN,INSTITUCIAN UNIVERSITARIA,2023
CORPORACION UNIVERSITARIA AUTONOMA DE NARIAO -AUNAR-PASTO,INGENIERIA MECANICA,140.03846153846155,PASTO,PASTO,NO OFICIAL - CORPORACIAN,INSTITUCIAN UNIVERSITARIA,2023
CORPORACION UNIVERSITARIA AUTONOMA DE NARIAO -AUNAR-PASTO,SEGURIDAD Y SALUD EN EL TRABAJO,123.89189189189189,VILLAVICENCIO,VILLAVICENCIO,NO OFICIAL - CORPORACIAN,INSTITUCIAN UNIVERSITARIA,2023
FUNDACION UNIVERSITARIA CATOLICA DEL SUR - UNICATOLICA DEL SUR-PASTO,ADMINISTRACION DE SERVICIOS DE SALUD,132.16666666666666,MEDELLIN,MEDELLÃN,NO OFICIAL - FUNDACIAN,INSTITUCIAN UNIVERSITARIA,2023
INSTITUCION UNIVERSITARIA CENTRO DE ESTUDIOS SUPERIORES MARIA GORETTI-PASTO,ADMINISTRACION DE EMPRESAS,138.0909090909091,PASTO,PASTO,NO OFICIAL - FUNDACIAN,INSTITUCIAN UNIVERSITARIA,2023
INSTITUCION UNIVERSITARIA CENTRO DE ESTUDIOS SUPERIORES MARIA GORETTI-PASTO,ARQUITECTURA,136.1509433962264,PASTO,PASTO,NO OFICIAL - FUNDACIAN,INSTITUCIAN UNIVERSITARIA,2023
INSTITUCION UNIVERSITARIA CENTRO DE ESTUDIOS SUPERIORES MARIA GORETTI-PASTO,CONTADURIA PUBLICA,133.65822784810126,PASTO,PASTO,NO OFICIAL - FUNDACIAN,INSTITUCIAN UNIVERSITARIA,2023
INSTITUCION UNIVERSITARIA CENTRO DE ESTUDIOS SUPERIORES MARIA GORETTI-PASTO,DERECHO,140.9431279620853,PASTO,PASTO,NO OFICIAL - FUNDACIAN,INSTITUCIAN UNIVERSITARIA,2023
INSTITUCION UNIVERSITARIA CENTRO DE ESTUDIOS SUPERIORES MARIA GORETTI-PASTO,DISEAO GRAFICO,129.86111111111111,PASTO,PASTO,NO OFICIAL - FUNDACIAN,INSTITUCIAN UNIVERSITARIA,2023
INSTITUCION UNIVERSITARIA CENTRO DE ESTUDIOS SUPERIORES MARIA GORETTI-PASTO,INGENIERAA ELECTRANICA,144.72916666666666,PASTO,PASTO,NO OFICIAL - FUNDACIAN,INSTITUCIAN UNIVERSITARIA,2023
INSTITUCION UNIVERSITARIA CENTRO DE ESTUDIOS SUPERIORES MARIA GORETTI-PASTO,INGENIERIA DE SISTEMAS,137.5,PASTO,PASTO,NO OFICIAL - FUNDACIAN,INSTITUCIAN UNIVERSITARIA,2023
INSTITUCION UNIVERSITARIA CENTRO DE ESTUDIOS SUPERIORES MARIA GORETTI-PASTO,LICENCIATURA EN EDUCACION FISICA,126.0379746835443,PASTO,PASTO,NO OFICIAL - FUNDACIAN,INSTITUCIAN UNIVERSITARIA,2023
INSTITUCION UNIVERSITARIA CENTRO DE ESTUDIOS SUPERIORES MARIA GORETTI-PASTO,LICENCIATURA EN EDUCACION INFANTIL,127.26315789473684,PASTO,PASTO,NO OFICIAL - FUNDACIAN,INSTITUCIAN UNIVERSITARIA,2023
INSTITUCION UNIVERSITARIA CENTRO DE ESTUDIOS SUPERIORES MARIA GORETTI-PASTO,LICENCIATURA EN QUIMICA,137.91666666666666,PASTO,PASTO,NO OFICIAL - FUNDACIAN,INSTITUCIAN UNIVERSITARIA,2023
INSTITUCION UNIVERSITARIA CENTRO DE ESTUDIOS SUPERIORES MARIA GORETTI-PASTO,PSICOLOGIA,132.88372093023256,PASTO,PASTO,NO OFICIAL - FUNDACIAN,INSTITUCIAN UNIVERSITARIA,2023
UNIVERSIDAD DE NARIAO-PASTO,ADMINISTRACIAN DE EMPRESAS,142.18269230769232,TUQUERRES,TÃQUERRES,OFICIAL DEPARTAMENTAL,UNIVERSIDAD,2023
UNIVERSIDAD DE NARIAO-PASTO,ADMINISTRACION DE EMPRESAS,158.38636363636363,PASTO,PASTO,OFICIAL DEPARTAMENTAL,UNIVERSIDAD,2023
UNIVERSIDAD DE NARIAO-PASTO,ARQUITECTURA,147.61702127659575,PASTO,PASTO,OFICIAL DEPARTAMENTAL,UNIVERSIDAD,2023
UNIVERSIDAD DE NARIAO-PASTO,ARTES VISUALES,135.88888888888889,PASTO,PASTO,OFICIAL DEPARTAMENTAL,UNIVERSIDAD,2023
UNIVERSIDAD DE NARIAO-PASTO,BIOLOGIA,173.85714285714286,PASTO,PASTO,OFICIAL DEPARTAMENTAL,UNIVERSIDAD,2023
UNIVERSIDAD DE NARIAO-PASTO,COMERCIO INTERNACIONAL,156.4,PASTO,PASTO,OFICIAL DEPARTAMENTAL,UNIVERSIDAD,2023
UNIVERSIDAD DE NARIAO-PASTO,COMERCIO INTERNACIONAL Y MERCADEO,143.33333333333334,PASTO,PASTO,OFICIAL DEPARTAMENTAL,UNIVERSIDAD,2023
UNIVERSIDAD DE NARIAO-PASTO,CONTADURAA PABLICA,150.85416666666666,PASTO,PASTO,OFICIAL DEPARTAMENTAL,UNIVERSIDAD,2023
UNIVERSIDAD DE NARIAO-PASTO,DERECHO,163.27142857142857,PASTO,PASTO,OFICIAL DEPARTAMENTAL,UNIVERSIDAD,2023
UNIVERSIDAD DE NARIAO-PASTO,DISEAO GRAFICO,148.33333333333334,ENVIGADO,ENVIGADO,OFICIAL DEPARTAMENTAL,UNIVERSIDAD,2023
UNIVERSIDAD DE NARIAO-PASTO,DISEAO INDUSTRIAL,140.8095238095238,PASTO,PASTO,OFICIAL DEPARTAMENTAL,UNIVERSIDAD,2023
UNIVERSIDAD DE NARIAO-PASTO,ECONOMAA,137.013698630137,IPIALES,IPIALES,OFICIAL DEPARTAMENTAL,UNIVERSIDAD,2023
UNIVERSIDAD DE NARIAO-PASTO,ECONOMIA,151.97058823529412,PASTO,PASTO,OFICIAL DEPARTAMENTAL,UNIVERSIDAD,2023
UNIVERSIDAD DE NARIAO-PASTO,FISICA,170.33333333333334,PASTO,PASTO,OFICIAL DEPARTAMENTAL,UNIVERSIDAD,2023
UNIVERSIDAD DE NARIAO-PASTO,GEOGRAFIA,143.31428571428572,PASTO,PASTO,OFICIAL DEPARTAMENTAL,UNIVERSIDAD,2023
UNIVERSIDAD DE NARIAO-PASTO,INGENIERIA AGROFORESTAL,136.04545454545453,PASTO,PASTO,OFICIAL DEPARTAMENTAL,UNIVERSIDAD,2023
UNIVERSIDAD DE NARIAO-PASTO,INGENIERIA AGROINDUSTRIAL,158.16216216216216,PASTO,PASTO,OFICIAL DEPARTAMENTAL,UNIVERSIDAD,2023
UNIVERSIDAD DE NARIAO-PASTO,INGENIERIA AGRONOMICA,150.63636363636363,PASTO,PASTO,OFICIAL DEPARTAMENTAL,UNIVERSIDAD,2023
UNIVERSIDAD DE NARIAO-PASTO,INGENIERIA AMBIENTAL,156.2173913043478,PASTO,PASTO,OFICIAL DEPARTAMENTAL,UNIVERSIDAD,2023
UNIVERSIDAD DE NARIAO-PASTO,INGENIERIA CIVIL,155.46666666666667,PASTO,PASTO,OFICIAL DEPARTAMENTAL,UNIVERSIDAD,2023
UNIVERSIDAD DE NARIAO-PASTO,INGENIERIA DE SISTEMAS,147.44761904761904,PASTO,PASTO,OFICIAL DEPARTAMENTAL,UNIVERSIDAD,2023
UNIVERSIDAD DE NARIAO-PASTO,INGENIERIA ELECTRONICA,164.3095238095238,PASTO,PASTO,OFICIAL DEPARTAMENTAL,UNIVERSIDAD,2023
UNIVERSIDAD DE NARIAO-PASTO,INGENIERIA EN PRODUCCION ACUICOLA,141.5,PASTO,PASTO,OFICIAL DEPARTAMENTAL,UNIVERSIDAD,2023
UNIVERSIDAD DE NARIAO-PASTO,LICENCIATURA EN ARTES VISUALES,144.23076923076923,PASTO,PASTO,OFICIAL DEPARTAMENTAL,UNIVERSIDAD,2023
UNIVERSIDAD DE NARIAO-PASTO,LICENCIATURA EN CIENCIAS NATURALES Y EDUCACIAN AMBIENTAL,152.71875,PASTO,PASTO,OFICIAL DEPARTAMENTAL,UNIVERSIDAD,2023
UNIVERSIDAD DE NARIAO-PASTO,LICENCIATURA EN CIENCIAS SOCIALES,155.38636363636363,PASTO,PASTO,OFICIAL DEPARTAMENTAL,UNIVERSIDAD,2023
UNIVERSIDAD DE NARIAO-PASTO,LICENCIATURA EN ESPAAOL E INGLES,155.54545454545453,PASTO,PASTO,OFICIAL DEPARTAMENTAL,UNIVERSIDAD,2023
UNIVERSIDAD DE NARIAO-PASTO,LICENCIATURA EN FILOSOFIA Y LETRAS,144.66666666666666,PASTO,PASTO,OFICIAL DEPARTAMENTAL,UNIVERSIDAD,2023
UNIVERSIDAD DE NARIAO-PASTO,LICENCIATURA EN INFORMATICA,150.0909090909091,PASTO,PASTO,OFICIAL DEPARTAMENTAL,UNIVERSIDAD,2023
UNIVERSIDAD DE NARIAO-PASTO,LICENCIATURA EN LENGUA CASTELLANA Y LITERATURA,140.6078431372549,SAN ANDRES DE TUMACO,SAN ANDRÃS DE TUMACO,OFICIAL DEPARTAMENTAL,UNIVERSIDAD,2023
UNIVERSIDAD DE NARIAO-PASTO,LICENCIATURA EN LENGUAS EXTRANJERAS CON ANFASIS EN INGLAS,170.0,PASTO,PASTO,OFICIAL DEPARTAMENTAL,UNIVERSIDAD,2023
UNIVERSIDAD DE NARIAO-PASTO,LICENCIATURA EN MATEMATICAS,152.875,PASTO,PASTO,OFICIAL DEPARTAMENTAL,UNIVERSIDAD,2023
UNIVERSIDAD DE NARIAO-PASTO,LICENCIATURA EN MUSICA,143.66666666666666,PASTO,PASTO,OFICIAL DEPARTAMENTAL,UNIVERSIDAD,2023
UNIVERSIDAD DE NARIAO-PASTO,MEDICINA,152.59615384615384,CALI,CALI,OFICIAL DEPARTAMENTAL,UNIVERSIDAD,2023
UNIVERSIDAD DE NARIAO-PASTO,MEDICINA VETERINARIA,154.0,PASTO,PASTO,OFICIAL DEPARTAMENTAL,UNIVERSIDAD,2023
UNIVERSIDAD DE NARIAO-PASTO,MERCADEO,148.5909090909091,PASTO,PASTO,OFICIAL DEPARTAMENTAL,UNIVERSIDAD,2023
UNIVERSIDAD DE NARIAO-PASTO,PSICOLOGIA,155.8139534883721,PASTO,PASTO,OFICIAL DEPARTAMENTAL,UNIVERSIDAD,2023
UNIVERSIDAD DE NARIAO-PASTO,QUIMICA,163.5,PASTO,PASTO,OFICIAL DEPARTAMENTAL,UNIVERSIDAD,2023
UNIVERSIDAD DE NARIAO-PASTO,SOCIOLOGAA,122.39622641509433,SAN ANDRES DE TUMACO,SAN ANDRÃS DE TUMACO,OFICIAL DEPARTAMENTAL,UNIVERSIDAD,2023
UNIVERSIDAD DE NARIAO-PASTO,SOCIOLOGIA,156.91304347826087,PASTO,PASTO,OFICIAL DEPARTAMENTAL,UNIVERSIDAD,2023
UNIVERSIDAD DE NARIAO-PASTO,ZOOTECNIA,138.66666666666666,PASTO,PASTO,OFICIAL DEPARTAMENTAL,UNIVERSIDAD,2023
UNIVERSIDAD MARIANA-PASTO,ADMINISTRACION DE NEGOCIOS INTERNACIONALES,137.71014492753622,PASTO,PASTO,NO OFICIAL - FUNDACIAN,UNIVERSIDAD,2023
UNIVERSIDAD MARIANA-PASTO,COMUNICACION SOCIAL,143.65,PASTO,PASTO,NO OFICIAL - FUNDACIAN,UNIVERSIDAD,2023
UNIVERSIDAD MARIANA-PASTO,COMUNICACION SOCIAL- PERIODISMO,120.0,PASTO,PASTO,NO OFICIAL - FUNDACIAN,UNIVERSIDAD,2023
UNIVERSIDAD MARIANA-PASTO,CONTADURIA PUBLICA,138.96923076923076,PASTO,PASTO,NO OFICIAL - FUNDACIAN,UNIVERSIDAD,2023
UNIVERSIDAD MARIANA-PASTO,DERECHO,148.67741935483872,PASTO,PASTO,NO OFICIAL - FUNDACIAN,UNIVERSIDAD,2023
UNIVERSIDAD MARIANA-PASTO,ENFERMERIA,138.0204081632653,PASTO,PASTO,NO OFICIAL - FUNDACIAN,UNIVERSIDAD,2023
UNIVERSIDAD MARIANA-PASTO,FISIOTERAPIA,147.75,PASTO,PASTO,NO OFICIAL - FUNDACIAN,UNIVERSIDAD,2023
UNIVERSIDAD MARIANA-PASTO,INGENIERIA AMBIENTAL,148.46,PASTO,PASTO,NO OFICIAL - FUNDACIAN,UNIVERSIDAD,2023
UNIVERSIDAD MARIANA-PASTO,INGENIERIA CIVIL,152.70886075949366,PASTO,PASTO,NO OFICIAL - FUNDACIAN,UNIVERSIDAD,2023
UNIVERSIDAD MARIANA-PASTO,INGENIERIA DE PROCESOS,152.125,PASTO,PASTO,NO OFICIAL - FUNDACIAN,UNIVERSIDAD,2023
UNIVERSIDAD MARIANA-PASTO,INGENIERIA DE SISTEMAS,153.10714285714286,PASTO,PASTO,NO OFICIAL - FUNDACIAN,UNIVERSIDAD,2023
UNIVERSIDAD MARIANA-PASTO,INGENIERIA MECATRONICA,140.77083333333334,PASTO,PASTO,NO OFICIAL - FUNDACIAN,UNIVERSIDAD,2023
UNIVERSIDAD MARIANA-PASTO,LICENCIATURA EN EDUCACIAN BASICA PRIMARIA,128.55483870967743,PASTO,SAN ANDRÃS DE TUMACO,NO OFICIAL - FUNDACIAN,UNIVERSIDAD,2023
UNIVERSIDAD MARIANA-PASTO,LICENCIATURA EN EDUCACION INFANTIL,121.25,PASTO,PASTO,NO OFICIAL - FUNDACIAN,UNIVERSIDAD,2023
UNIVERSIDAD MARIANA-PASTO,NUTRICION Y DIETETICA,138.325,PASTO,PASTO,NO OFICIAL - FUNDACIAN,UNIVERSIDAD,2023
UNIVERSIDAD MARIANA-PASTO,PROFESIONAL EN MERCADEO,131.66666666666666,PASTO,PALMIRA,NO OFICIAL - FUNDACIAN,UNIVERSIDAD,2023
UNIVERSIDAD MARIANA-PASTO,PSICOLOGIA,147.38709677419354,PASTO,PASTO,NO OFICIAL - FUNDACIAN,UNIVERSIDAD,2023
UNIVERSIDAD MARIANA-PASTO,TERAPIA OCUPACIONAL,129.98214285714286,PASTO,PASTO,NO OFICIAL - FUNDACIAN,UNIVERSIDAD,2023
UNIVERSIDAD MARIANA-PASTO,TRABAJO SOCIAL,131.58441558441558,PASTO,PASTO,NO OFICIAL - FUNDACIAN,UNIVERSIDAD,2023
