﻿inst_nombre_institucion,estu_prgm_academico,media_global,key_muni,estu_mcpio_presentacion,inst_origen,inst_caracter_academico,anio
CORPORACION UNIVERSITARIA AUTONOMA DE NARIAO -AUNAR-PASTO,ADMINISTRACIAN DE EMPRESAS,130.68361581920905,CALI,CALI,NO OFICIAL - CORPORACIAN,INSTITUCIAN UNIVERSITARIA,2024
CORPORACION UNIVERSITARIA AUTONOMA DE NARIAO -AUNAR-PASTO,ADMINISTRACION DE EMPRESAS,135.6451612903226,PASTO,PASTO,NO OFICIAL - CORPORACIAN,INSTITUCIAN UNIVERSITARIA,2024
CORPORACION UNIVERSITARIA AUTONOMA DE NARIAO -AUNAR-PASTO,CONTADURAA PABLICA,132.04383561643834,PASTO,PASTO,NO OFICIAL - CORPORACIAN,INSTITUCIAN UNIVERSITARIA,2024
CORPORACION UNIVERSITARIA AUTONOMA DE NARIAO -AUNAR-PASTO,DISEAO VISUAL,132.64285714285714,VILLAVICENCIO,VILLAVICENCIO,NO OFICIAL - CORPORACIAN,INSTITUCIAN UNIVERSITARIA,2024
CORPORACION UNIVERSITARIA AUTONOMA DE NARIAO -AUNAR-PASTO,INGENIERAA INFORMATICA,141.72727272727272,VILLAVICENCIO,VILLAVICENCIO,NO OFICIAL - CORPORACIAN,INSTITUCIAN UNIVERSITARIA,2024
CORPORACION UNIVERSITARIA AUTONOMA DE NARIAO -AUNAR-PASTO,INGENIERAA INFORMATICA,139.24324324324326,CALI,CALI,NO OFICIAL - CORPORACIAN,INSTITUCIAN UNIVERSITARIA,2024
CORPORACION UNIVERSITARIA AUTONOMA DE NARIAO -AUNAR-PASTO,INGENIERIA ELECTRONICA,132.22222222222223,PASTO,PASTO,NO OFICIAL - CORPORACIAN,INSTITUCIAN UNIVERSITARIA,2024
CORPORACION UNIVERSITARIA AUTONOMA DE NARIAO -AUNAR-PASTO,INGENIERIA MECANICA,133.6,PASTO,PASTO,NO OFICIAL - CORPORACIAN,INSTITUCIAN UNIVERSITARIA,2024
CORPORACION UNIVERSITARIA AUTONOMA DE NARIAO -AUNAR-PASTO,SEGURIDAD Y SALUD EN EL TRABAJO,132.6315789473684,VILLAVICENCIO,VILLAVICENCIO,NO OFICIAL - CORPORACIAN,INSTITUCIAN UNIVERSITARIA,2024
FUNDACION UNIVERSITARIA CATOLICA DEL SUR - UNICATOLICA DEL SUR-PASTO,ADMINISTRACION DE SERVICIOS DE SALUD,127.43636363636364,PASTO,PASTO,NO OFICIAL - FUNDACIAN,INSTITUCIAN UNIVERSITARIA,2024
INSTITUCION UNIVERSITARIA CENTRO DE ESTUDIOS SUPERIORES MARIA GORETTI-PASTO,ADMINISTRACION DE EMPRESAS,134.9090909090909,PASTO,PASTO,NO OFICIAL - FUNDACIAN,INSTITUCIAN UNIVERSITARIA,2024
INSTITUCION UNIVERSITARIA CENTRO DE ESTUDIOS SUPERIORES MARIA GORETTI-PASTO,ARQUITECTURA,135.25252525252526,PASTO,PASTO,NO OFICIAL - FUNDACIAN,INSTITUCIAN UNIVERSITARIA,2024
INSTITUCION UNIVERSITARIA CENTRO DE ESTUDIOS SUPERIORES MARIA GORETTI-PASTO,CONTADURIA PUBLICA,130.36,PASTO,PASTO,NO OFICIAL - FUNDACIAN,INSTITUCIAN UNIVERSITARIA,2024
INSTITUCION UNIVERSITARIA CENTRO DE ESTUDIOS SUPERIORES MARIA GORETTI-PASTO,DERECHO,138.61852861035422,PASTO,PASTO,NO OFICIAL - FUNDACIAN,INSTITUCIAN UNIVERSITARIA,2024
INSTITUCION UNIVERSITARIA CENTRO DE ESTUDIOS SUPERIORES MARIA GORETTI-PASTO,DISEAO GRAFICO,145.8181818181818,PASTO,PASTO,NO OFICIAL - FUNDACIAN,INSTITUCIAN UNIVERSITARIA,2024
INSTITUCION UNIVERSITARIA CENTRO DE ESTUDIOS SUPERIORES MARIA GORETTI-PASTO,INGENIERAA ELECTRANICA,140.4,PASTO,PASTO,NO OFICIAL - FUNDACIAN,INSTITUCIAN UNIVERSITARIA,2024
INSTITUCION UNIVERSITARIA CENTRO DE ESTUDIOS SUPERIORES MARIA GORETTI-PASTO,INGENIERIA DE SISTEMAS,139.42307692307693,PASTO,PASTO,NO OFICIAL - FUNDACIAN,INSTITUCIAN UNIVERSITARIA,2024
INSTITUCION UNIVERSITARIA CENTRO DE ESTUDIOS SUPERIORES MARIA GORETTI-PASTO,LICENCIATURA EN EDUCACION FISICA,117.70212765957447,PASTO,PASTO,NO OFICIAL - FUNDACIAN,INSTITUCIAN UNIVERSITARIA,2024
INSTITUCION UNIVERSITARIA CENTRO DE ESTUDIOS SUPERIORES MARIA GORETTI-PASTO,LICENCIATURA EN EDUCACION INFANTIL,134.7,PASTO,PASTO,NO OFICIAL - FUNDACIAN,INSTITUCIAN UNIVERSITARIA,2024
INSTITUCION UNIVERSITARIA CENTRO DE ESTUDIOS SUPERIORES MARIA GORETTI-PASTO,LICENCIATURA EN QUIMICA,140.83333333333334,PASTO,PASTO,NO OFICIAL - FUNDACIAN,INSTITUCIAN UNIVERSITARIA,2024
INSTITUCION UNIVERSITARIA CENTRO DE ESTUDIOS SUPERIORES MARIA GORETTI-PASTO,PSICOLOGIA,132.72413793103448,SAN ANDRES DE TUMACO,SAN ANDRÃS DE TUMACO,NO OFICIAL - FUNDACIAN,INSTITUCIAN UNIVERSITARIA,2024
UNIVERSIDAD DE NARIAO-PASTO,ADMINISTRACIAN DE EMPRESAS,145.23728813559322,PASTO,PASTO,OFICIAL DEPARTAMENTAL,UNIVERSIDAD,2024
UNIVERSIDAD DE NARIAO-PASTO,ADMINISTRACION DE EMPRESAS,157.6764705882353,PASTO,PASTO,OFICIAL DEPARTAMENTAL,UNIVERSIDAD,2024
UNIVERSIDAD DE NARIAO-PASTO,ARQUITECTURA,155.30434782608697,PASTO,PASTO,OFICIAL DEPARTAMENTAL,UNIVERSIDAD,2024
UNIVERSIDAD DE NARIAO-PASTO,ARTES VISUALES,143.38709677419354,PASTO,PASTO,OFICIAL DEPARTAMENTAL,UNIVERSIDAD,2024
UNIVERSIDAD DE NARIAO-PASTO,BIOLOGIA,160.52631578947367,PASTO,PASTO,OFICIAL DEPARTAMENTAL,UNIVERSIDAD,2024
UNIVERSIDAD DE NARIAO-PASTO,COMERCIO INTERNACIONAL,149.74264705882354,PASTO,PASTO,OFICIAL DEPARTAMENTAL,UNIVERSIDAD,2024
UNIVERSIDAD DE NARIAO-PASTO,COMERCIO INTERNACIONAL Y MERCADEO,161.0,PASTO,PASTO,OFICIAL DEPARTAMENTAL,UNIVERSIDAD,2024
UNIVERSIDAD DE NARIAO-PASTO,CONTADURAA PABLICA,160.05714285714285,PASTO,PASTO,OFICIAL DEPARTAMENTAL,UNIVERSIDAD,2024
UNIVERSIDAD DE NARIAO-PASTO,DERECHO,160.36,PASTO,PASTO,OFICIAL DEPARTAMENTAL,UNIVERSIDAD,2024
UNIVERSIDAD DE NARIAO-PASTO,DISEAO GRAFICO,152.1509433962264,PASTO,PASTO,OFICIAL DEPARTAMENTAL,UNIVERSIDAD,2024
UNIVERSIDAD DE NARIAO-PASTO,DISEAO GRAFICO Y MULTIMEDIAL,142.66666666666666,PASTO,PASTO,OFICIAL DEPARTAMENTAL,UNIVERSIDAD,2024
UNIVERSIDAD DE NARIAO-PASTO,DISEAO INDUSTRIAL,141.14583333333334,PASTO,PASTO,OFICIAL DEPARTAMENTAL,UNIVERSIDAD,2024
UNIVERSIDAD DE NARIAO-PASTO,ECONOMAA,129.2,PASTO,PASTO,OFICIAL DEPARTAMENTAL,UNIVERSIDAD,2024
UNIVERSIDAD DE NARIAO-PASTO,ECONOMIA,160.3684210526316,PASTO,PASTO,OFICIAL DEPARTAMENTAL,UNIVERSIDAD,2024
UNIVERSIDAD DE NARIAO-PASTO,FISICA,161.16666666666666,PASTO,PASTO,OFICIAL DEPARTAMENTAL,UNIVERSIDAD,2024
UNIVERSIDAD DE NARIAO-PASTO,GEOGRAFIA,143.8048780487805,PASTO,PASTO,OFICIAL DEPARTAMENTAL,UNIVERSIDAD,2024
UNIVERSIDAD DE NARIAO-PASTO,INGENIERAA DE SISTEMAS,176.0,PASTO,PASTO,OFICIAL DEPARTAMENTAL,UNIVERSIDAD,2024
UNIVERSIDAD DE NARIAO-PASTO,INGENIERIA AGROFORESTAL,148.22641509433961,SAN ANDRES DE TUMACO,SAN ANDRÃS DE TUMACO,OFICIAL DEPARTAMENTAL,UNIVERSIDAD,2024
UNIVERSIDAD DE NARIAO-PASTO,INGENIERIA AGROINDUSTRIAL,156.08333333333334,PASTO,PASTO,OFICIAL DEPARTAMENTAL,UNIVERSIDAD,2024
UNIVERSIDAD DE NARIAO-PASTO,INGENIERIA AGRONOMICA,146.76,IPIALES,IPIALES,OFICIAL DEPARTAMENTAL,UNIVERSIDAD,2024
UNIVERSIDAD DE NARIAO-PASTO,INGENIERIA AMBIENTAL,153.22222222222223,PASTO,PASTO,OFICIAL DEPARTAMENTAL,UNIVERSIDAD,2024
UNIVERSIDAD DE NARIAO-PASTO,INGENIERIA CIVIL,158.26984126984127,PASTO,PASTO,OFICIAL DEPARTAMENTAL,UNIVERSIDAD,2024
UNIVERSIDAD DE NARIAO-PASTO,INGENIERIA DE SISTEMAS,152.1451612903226,SAN ANDRES DE TUMACO,SAN ANDRÃS DE TUMACO,OFICIAL DEPARTAMENTAL,UNIVERSIDAD,2024
UNIVERSIDAD DE NARIAO-PASTO,INGENIERIA ELECTRONICA,172.46153846153845,PASTO,PASTO,OFICIAL DEPARTAMENTAL,UNIVERSIDAD,2024
UNIVERSIDAD DE NARIAO-PASTO,INGENIERIA EN PRODUCCION ACUICOLA,144.07692307692307,MOCOA,MOCOA,OFICIAL DEPARTAMENTAL,UNIVERSIDAD,2024
UNIVERSIDAD DE NARIAO-PASTO,LICENCIATURA EN ARTES VISUALES,140.59375,PASTO,PASTO,OFICIAL DEPARTAMENTAL,UNIVERSIDAD,2024
UNIVERSIDAD DE NARIAO-PASTO,LICENCIATURA EN CIENCIAS NATURALES Y EDUCACIAN AMBIENTAL,135.15068493150685,PASTO,PASTO,OFICIAL DEPARTAMENTAL,UNIVERSIDAD,2024
UNIVERSIDAD DE NARIAO-PASTO,LICENCIATURA EN CIENCIAS SOCIALES,154.76666666666668,PASTO,PASTO,OFICIAL DEPARTAMENTAL,UNIVERSIDAD,2024
UNIVERSIDAD DE NARIAO-PASTO,LICENCIATURA EN EDUCACION BASICA ENFASIS EN ESPAAOL Y LITERATURA,138.0,PASTO,PASTO,OFICIAL DEPARTAMENTAL,UNIVERSIDAD,2024
UNIVERSIDAD DE NARIAO-PASTO,LICENCIATURA EN ESPAAOL E INGLES,159.76923076923077,PASTO,PASTO,OFICIAL DEPARTAMENTAL,UNIVERSIDAD,2024
UNIVERSIDAD DE NARIAO-PASTO,LICENCIATURA EN FILOSOFIA Y LETRAS,146.9,PASTO,PASTO,OFICIAL DEPARTAMENTAL,UNIVERSIDAD,2024
UNIVERSIDAD DE NARIAO-PASTO,LICENCIATURA EN INFORMATICA,150.77272727272728,PASTO,PASTO,OFICIAL DEPARTAMENTAL,UNIVERSIDAD,2024
UNIVERSIDAD DE NARIAO-PASTO,LICENCIATURA EN LENGUA CASTELLANA Y LITERATURA,138.64864864864865,PASTO,PASTO,OFICIAL DEPARTAMENTAL,UNIVERSIDAD,2024
UNIVERSIDAD DE NARIAO-PASTO,LICENCIATURA EN LENGUAS EXTRANJERAS CON ANFASIS EN INGLAS,168.30769230769232,PASTO,PASTO,OFICIAL DEPARTAMENTAL,UNIVERSIDAD,2024
UNIVERSIDAD DE NARIAO-PASTO,LICENCIATURA EN MATEMATICAS,166.35714285714286,PASTO,PASTO,OFICIAL DEPARTAMENTAL,UNIVERSIDAD,2024
UNIVERSIDAD DE NARIAO-PASTO,LICENCIATURA EN MUSICA,144.47619047619048,PASTO,PASTO,OFICIAL DEPARTAMENTAL,UNIVERSIDAD,2024
UNIVERSIDAD DE NARIAO-PASTO,MEDICINA,148.98333333333332,PASTO,PASTO,OFICIAL DEPARTAMENTAL,UNIVERSIDAD,2024
UNIVERSIDAD DE NARIAO-PASTO,MEDICINA VETERINARIA,158.6764705882353,PASTO,PASTO,OFICIAL DEPARTAMENTAL,UNIVERSIDAD,2024
UNIVERSIDAD DE NARIAO-PASTO,MERCADEO,146.0701754385965,PASTO,PASTO,OFICIAL DEPARTAMENTAL,UNIVERSIDAD,2024
UNIVERSIDAD DE NARIAO-PASTO,PSICOLOGIA,164.35714285714286,PASTO,PASTO,OFICIAL DEPARTAMENTAL,UNIVERSIDAD,2024
UNIVERSIDAD DE NARIAO-PASTO,QUIMICA,160.7,POPAYAN,POPAYÃN,OFICIAL DEPARTAMENTAL,UNIVERSIDAD,2024
UNIVERSIDAD DE NARIAO-PASTO,SOCIOLOGAA,125.1,SAN ANDRES DE TUMACO,SAN ANDRÃS DE TUMACO,OFICIAL DEPARTAMENTAL,UNIVERSIDAD,2024
UNIVERSIDAD DE NARIAO-PASTO,SOCIOLOGIA,154.21052631578948,CALI,CALI,OFICIAL DEPARTAMENTAL,UNIVERSIDAD,2024
UNIVERSIDAD DE NARIAO-PASTO,ZOOTECNIA,142.09677419354838,FLORENCIA,FLORENCIA,OFICIAL DEPARTAMENTAL,UNIVERSIDAD,2024
UNIVERSIDAD MARIANA-PASTO,ADMINISTRACION DE NEGOCIOS INTERNACIONALES,143.10526315789474,PASTO,PASTO,NO OFICIAL - FUNDACIAN,UNIVERSIDAD,2024
UNIVERSIDAD MARIANA-PASTO,COMUNICACION SOCIAL,147.94594594594594,PASTO,PASTO,NO OFICIAL - FUNDACIAN,UNIVERSIDAD,2024
UNIVERSIDAD MARIANA-PASTO,CONTADURIA PUBLICA,142.82089552238807,PASTO,PASTO,NO OFICIAL - FUNDACIAN,UNIVERSIDAD,2024
UNIVERSIDAD MARIANA-PASTO,DERECHO,144.22522522522522,PASTO,PASTO,NO OFICIAL - FUNDACIAN,UNIVERSIDAD,2024
UNIVERSIDAD MARIANA-PASTO,ENFERMERIA,141.32876712328766,PASTO,PASTO,NO OFICIAL - FUNDACIAN,UNIVERSIDAD,2024
UNIVERSIDAD MARIANA-PASTO,FISIOTERAPIA,145.69230769230768,PASTO,PASTO,NO OFICIAL - FUNDACIAN,UNIVERSIDAD,2024
UNIVERSIDAD MARIANA-PASTO,INGENIERIA AMBIENTAL,145.15151515151516,PASTO,PASTO,NO OFICIAL - FUNDACIAN,UNIVERSIDAD,2024
UNIVERSIDAD MARIANA-PASTO,INGENIERIA CIVIL,156.7846153846154,PASTO,PASTO,NO OFICIAL - FUNDACIAN,UNIVERSIDAD,2024
UNIVERSIDAD MARIANA-PASTO,INGENIERIA DE PROCESOS,150.25,PASTO,PASTO,NO OFICIAL - FUNDACIAN,UNIVERSIDAD,2024
UNIVERSIDAD MARIANA-PASTO,INGENIERIA DE SISTEMAS,144.5897435897436,PASTO,PASTO,NO OFICIAL - FUNDACIAN,UNIVERSIDAD,2024
UNIVERSIDAD MARIANA-PASTO,INGENIERIA MECATRONICA,144.93939393939394,PASTO,PASTO,NO OFICIAL - FUNDACIAN,UNIVERSIDAD,2024
UNIVERSIDAD MARIANA-PASTO,LICENCIATURA EN EDUCACIAN BASICA PRIMARIA,131.15,PASTO,PASTO,NO OFICIAL - FUNDACIAN,UNIVERSIDAD,2024
UNIVERSIDAD MARIANA-PASTO,LICENCIATURA EN EDUCACION INFANTIL,126.76,PASTO,PASTO,NO OFICIAL - FUNDACIAN,UNIVERSIDAD,2024
UNIVERSIDAD MARIANA-PASTO,MERCADEO,141.71428571428572,PASTO,PASTO,NO OFICIAL - FUNDACIAN,UNIVERSIDAD,2024
UNIVERSIDAD MARIANA-PASTO,NUTRICION Y DIETETICA,143.0126582278481,PASTO,PASTO,NO OFICIAL - FUNDACIAN,UNIVERSIDAD,2024
UNIVERSIDAD MARIANA-PASTO,PROFESIONAL EN MERCADEO,117.5,PASTO,PASTO,NO OFICIAL - FUNDACIAN,UNIVERSIDAD,2024
UNIVERSIDAD MARIANA-PASTO,PSICOLOGIA,144.57407407407408,PASTO,PASTO,NO OFICIAL - FUNDACIAN,UNIVERSIDAD,2024
UNIVERSIDAD MARIANA-PASTO,TERAPIA OCUPACIONAL,128.8695652173913,PASTO,PASTO,NO OFICIAL - FUNDACIAN,UNIVERSIDAD,2024
UNIVERSIDAD MARIANA-PASTO,TRABAJO SOCIAL,131.8,PASTO,PASTO,NO OFICIAL - FUNDACIAN,UNIVERSIDAD,2024
