﻿n_estu,colegio_nombre,cole_mcpio_ubicacion,anio
7,BTO MODERNO DE ADULTOS EXTERNADO DEL SUR,PASTO,2024
3,CENTRO DE EDUCACION PARA ADULTOS ANTONIO RICAURTE,RICAURTE,2024
43,CENTRO EDUCATIVO BOLIVARIANO,PASTO,2024
8,CENTRO EDUCATIVO CECONPAZ,TAQUERRES,2024
4,CENTRO ETNO EDUCATIVO INTERCULTURAL BILINGUE TAITA,IPIALES,2024
21,CENTRO PEDAGAGICO MARIA DE LA PAZ,PASTO,2024
11,COL BILINGUE DEL PACIFICO,SAN ANDRAS DE TUMACO,2024
52,COL COMFAMILIAR DE NARIAO SIGLO XXI,PASTO,2024
53,COL ESTUDIAR AULA SIN FRONTERAS,PASTO,2024
83,COL FILIPENSE NUESTRA SRA DE LA ESPERANZA,PASTO,2024
145,COL INSUCA,PASTO,2024
25,COL LA INMACULADA,PASTO,2024
26,COL MILITAR COLOMBIA,PASTO,2024
17,COL MUSICAL BRITANICO,PASTO,2024
51,COL NUESTRA SEAORA DE LAS LAJAS,PASTO,2024
37,COL NUESTRA SRA DEL CARMEN,PASTO,2024
12,COL RAFAEL POMBO,SAN ANDRAS DE TUMACO,2024
101,COL SAN FELIPE NERI,PASTO,2024
88,COL SAN FRANCISCO JAVIER,PASTO,2024
49,COLEGIO BACHILLERATO COLSUP,PASTO,2024
31,COLEGIO CHAMPAGNAT,IPIALES,2024
20,COLEGIO COLOMBO SUIZO,PASTO,2024
64,COLEGIO DEL SAGRADO CORAZON DE JESUS,PASTO,2024
54,COLEGIO FILIPENSE,IPIALES,2024
30,COLEGIO INMACULADA CONCEPCION,IPIALES,2024
73,COLEGIO INSECOL S.A.S.,IPIALES,2024
10,COLEGIO INTEGRADO MARAA MONTESSORI,SAN ANDRAS DE TUMACO,2024
8,COLEGIO LICEO SAN ANDRES,SAN ANDRAS DE TUMACO,2024
41,COLEGIO LOS AMIGOS DE LA CIENCIA S.A.S ZOMAC,SAN ANDRAS DE TUMACO,2024
10,COLEGIO MI PEQUEAO MUNDO GIMNASIO LOS ANDES,PASTO,2024
4,COLEGIO MUNDO DE PRAGA,PASTO,2024
2,COLEGIO NUEVO HORIZONTE,SAN ANDRAS DE TUMACO,2024
26,COLEGIO PARA ADULTOS EDUCAR,IPIALES,2024
16,COLEGIO PRIVADO AURELIO ARTURO,LA UNIAN,2024
19,COLEGIO SAN FELIPE NERI,IPIALES,2024
9,COLEGIO TECNICO MILITAR ALMIRANTE TONO TUMACO SAS,SAN ANDRAS DE TUMACO,2024
42,I. E. CIUDADELA EDUCATIVA TUMAC,SAN ANDRAS DE TUMACO,2024
52,I. E. ROBERTO MARIO BISCHOFF,SAN ANDRAS DE TUMACO,2024
12,I. E. TECNICA PEAA COLORADA,SAN ANDRAS DE TUMACO,2024
14,I.E. BILINGAE AWA TECNICO AGROINDUSTRIAL PIANULPI,SAN ANDRAS DE TUMACO,2024
16,I.E. CHAJAL,SAN ANDRAS DE TUMACO,2024
31,I.E. FRANCISCO JOSE DE CALDAS,SAN ANDRAS DE TUMACO,2024
9,I.E. INDAGENA AGROAMBIENTAL MAYKER,CUMBAL,2024
71,I.E. LLORENTE,SAN ANDRAS DE TUMACO,2024
11,I.E. MICROEMPRESARIAL LOS ANDES,IPIALES,2024
27,I.E. SANTANDER,TAQUERRES,2024
10,I.E. SIMAN BOLAVAR,PASTO,2024
25,I.E.M. AGUSTIN AGUALONGO,PASTO,2024
45,I.E.M. ANTONIO NARIAO,PASTO,2024
94,I.E.M. ARTEMIO MENDOZA CARVAJAL,PASTO,2024
56,I.E.M. AURELIO ARTURO MARTINEZ,PASTO,2024
19,I.E.M. CABRERA,PASTO,2024
65,I.E.M. CENT DE INTEGRACION POPULAR,PASTO,2024
55,I.E.M. CHAMBU,PASTO,2024
361,I.E.M. CIUDAD DE PASTO,PASTO,2024
36,I.E.M. CIUDADELA DE PAZ,PASTO,2024
169,I.E.M. CIUDADELA EDUCATIVA DE PASTO,PASTO,2024
38,I.E.M. CRISTO REY,PASTO,2024
23,I.E.M. EDUARDO ROMO ROSERO,PASTO,2024
33,I.E.M. EL SOCORRO,PASTO,2024
37,I.E.M. FRANCISCO DE LA VILLOTA,PASTO,2024
27,I.E.M. FRANCISCO JOSE DE CALDAS,PASTO,2024
17,I.E.M. GUALMATAN,PASTO,2024
91,I.E.M. HERALDO ROMERO SANCHEZ,PASTO,2024
57,I.E.M. JOSE ANTONIO GALAN,PASTO,2024
15,I.E.M. LA CALDERA,PASTO,2024
49,I.E.M. LA ROSA,PASTO,2024
264,I.E.M. LIBERTAD,PASTO,2024
95,I.E.M. LICEO CENTRAL DE NARIAO,PASTO,2024
291,I.E.M. LUIS DELFIN INSUASTY RODRIGUEZ,PASTO,2024
96,I.E.M. LUIS EDUARDO MORA OSEJO,PASTO,2024
28,I.E.M. MARCO FIDEL SUAREZ,PASTO,2024
273,I.E.M. MARIA GORETTI,PASTO,2024
69,I.E.M. MERCEDARIO,PASTO,2024
24,I.E.M. MORASURCO,PASTO,2024
231,I.E.M. NORMAL SUPERIOR DE PASTO,PASTO,2024
46,I.E.M. NUESTRA SEAORA DE GUADALUPE,PASTO,2024
20,I.E.M. NUESTRA SEAORA DE LA VISITACION,PASTO,2024
32,I.E.M. OBONUCO,PASTO,2024
32,I.E.M. PEDAGOGICO,PASTO,2024
51,I.E.M. SAN JOSE BETHLEMITAS,PASTO,2024
141,I.E.M. SAN JUAN BOSCO,PASTO,2024
40,I.E.M. SANTA BARBARA,PASTO,2024
85,I.E.M. SANTA TERESITA,PASTO,2024
112,I.E.M. TECNICO INDUSTRIAL,PASTO,2024
15,I.E.T. AGROP-AMBIENTAL BILINGUE INDA ZABALETA,SAN ANDRAS DE TUMACO,2024
140,IE .INST. TEC. POPULAR DE LA COSTA,SAN ANDRAS DE TUMACO,2024
19,IE ALTO MIRA FRONTERA,SAN ANDRAS DE TUMACO,2024
43,IE. AGROINDUSTRIAL SAN LUIS ROBLES,SAN ANDRAS DE TUMACO,2024
65,IE. CIUDADELA MIXTA COLOMBIA,SAN ANDRAS DE TUMACO,2024
26,IE. DOS QUEBRADAS,SAN ANDRAS DE TUMACO,2024
58,IE. FAUSTINO ARIAS REINEL,SAN ANDRAS DE TUMACO,2024
64,IE. GENERAL SANTANDER,SAN ANDRAS DE TUMACO,2024
55,IE. IBERIA,SAN ANDRAS DE TUMACO,2024
32,IE. IMBILI CARRETERA,SAN ANDRAS DE TUMACO,2024
45,IE. INMACULADA CONCEPCION,SAN ANDRAS DE TUMACO,2024
38,IE. INST. TEC. AGROPECUARIO DE CANDELILLAS CARRETERA,SAN ANDRAS DE TUMACO,2024
67,IE. INST. TEC. INDUSTRIAL NAL.,SAN ANDRAS DE TUMACO,2024
31,IE. INTEGRADA DE CHILVI,SAN ANDRAS DE TUMACO,2024
69,IE. LICEO NACIONAL MAX SEIDEL,SAN ANDRAS DE TUMACO,2024
16,IE. MANUEL ELKIN PATARROLLO,SAN ANDRAS DE TUMACO,2024
153,IE. MISIONAL SANTA TERESITA,SAN ANDRAS DE TUMACO,2024
118,IE. NUESTRA SEAORA DE FATIMA,SAN ANDRAS DE TUMACO,2024
9,IE. NUESTRA SEAORA DE LAS LAJAS,SAN ANDRAS DE TUMACO,2024
31,IE. NUESTRA SEA¿ORA DEL CARMEN DE ESPRIELLA,SAN ANDRAS DE TUMACO,2024
49,IE. NUEVA FLORIDA,SAN ANDRAS DE TUMACO,2024
32,IE. SAN JOSE DE CAUNAPI,SAN ANDRAS DE TUMACO,2024
120,IE. SANTA TERESITA,SAN ANDRAS DE TUMACO,2024
12,IE. TACNICO AGROPECUARIO TANGAREAL CARRETERA,SAN ANDRAS DE TUMACO,2024
140,INST CHAMPAGNAT,PASTO,2024
14,INST EDUC LUISEG,PASTO,2024
9,INST EDUC SAN NICOLAS,PASTO,2024
31,INST JORGE ELIECER GAITAN,PASTO,2024
51,INST SAN FRANCISCO DE ASIS,PASTO,2024
6,INST. VIGOTSKY,SAN ANDRAS DE TUMACO,2024
13,INSTITUCIAN EDUCATIVA AGROAMBIENTAL PUSPUED,MALLAMA,2024
22,INSTITUCIAN EDUCATIVA AGROECOLAGICO LA PLAYA,FRANCISCO PIZARRO,2024
8,INSTITUCIAN EDUCATIVA AGROINDUSTRIAL LA VICTORIA CON ANFASIS EN LA PRODUCCIAN DE CAFAS ESPECIALES,EL TABLAN DE GAMEZ,2024
13,INSTITUCIAN EDUCATIVA BILINGAE AGROINDUSTRIAL SINDAGUA - I.E.B.A.S,RICAURTE,2024
6,INSTITUCIAN EDUCATIVA CHAPIURCO,ALBAN,2024
23,INSTITUCIAN EDUCATIVA CURIACO,TAMINANGO,2024
9,INSTITUCIAN EDUCATIVA FATIMA,EL TABLAN DE GAMEZ,2024
11,INSTITUCIAN EDUCATIVA GUAPUSCAL ALTO,FUNES,2024
10,INSTITUCIAN EDUCATIVA LA ESTANCIA,SAN PEDRO DE CARTAGO,2024
58,INSTITUCIAN EDUCATIVA NUESTRA SEAORA DE LAS MERCEDES,EL TABLAN DE GAMEZ,2024
33,INSTITUCIAN EDUCATIVA NUESTRA SEAORA DEL CARMEN,EL CHARCO,2024
24,INSTITUCIAN EDUCATIVA PALO VERDE,LA UNIAN,2024
12,INSTITUCIAN EDUCATIVA PIZANDA,CUMBITARA,2024
10,INSTITUCIAN EDUCATIVA POMPEYA,EL TABLAN DE GAMEZ,2024
11,INSTITUCIAN EDUCATIVA RESTREPO,POLICARPA,2024
11,INSTITUCIAN EDUCATIVA SAN PABLO DE LA MAR,LA TOLA,2024
8,INSTITUCIAN EDUCATIVA SANTA CRUZ,POLICARPA,2024
6,INSTITUCIAN EDUCATIVA SIDON,CUMBITARA,2024
45,INSTITUCIAN POLITACNICO GRAN COLOMBIA,LA UNIAN,2024
7,INSTITUCION  AGROPECUARIA COMUNIDAD  INDIGENA  INKAI -AWA,RICAURTE,2024
63,INSTITUCION  EDUCATIVA  LAS MESAS  INSEM,EL TABLAN DE GAMEZ,2024
16,INSTITUCION  EDUCATIVA EL HORMIGUERO,EL CHARCO,2024
49,INSTITUCION  EDUCATIVA NORMAL SUPERIOR SAGRADO CORAZON DE JESUS,SAN PABLO,2024
33,INSTITUCION  EDUCATIVA ROSAFLORIDA,ARBOLEDA,2024
26,INSTITUCION EDUCATIVA  AGROPECUARIA MIGUEL ANGEL RANGEL,LA CRUZ,2024
24,INSTITUCION EDUCATIVA  AGROPECUARIA SANTA ANA,IMUAS,2024
16,INSTITUCION EDUCATIVA  AGROPECUARIA SIMON BOLIVAR,SANDONA,2024
71,INSTITUCION EDUCATIVA  ANTONIO NARIAO,SAN PABLO,2024
14,INSTITUCION EDUCATIVA  EL MANZANO,TAMINANGO,2024
19,INSTITUCION EDUCATIVA  EL TABLON,TAMINANGO,2024
12,INSTITUCION EDUCATIVA  JESUS DE PRAGA,SANDONA,2024
41,INSTITUCION EDUCATIVA  MICROEMPRESARIAL DE CABUYALES,LA CRUZ,2024
73,INSTITUCION EDUCATIVA  MUNICIPAL EL ENCANO,PASTO,2024
42,INSTITUCION EDUCATIVA  POLICARPA,POLICARPA,2024
11,INSTITUCION EDUCATIVA AGRICOLA DE LA SABANA,TAQUERRES,2024
13,INSTITUCION EDUCATIVA AGROAMBIENTAL SANTA ROSA,BELAN,2024
9,INSTITUCION EDUCATIVA AGROECOLOGICA SAGRADO CORAZON DE JESUS,CUMBAL,2024
23,INSTITUCION EDUCATIVA AGROINDUSTRIAL LOS PASTOS,IPIALES,2024
8,INSTITUCION EDUCATIVA AGROPECUARIA ALTAMIRA,POLICARPA,2024
24,INSTITUCION EDUCATIVA AGROPECUARIA BOMBONA,CONSACA,2024
12,INSTITUCION EDUCATIVA AGROPECUARIA CUATRO ESQUINAS,TAQUERRES,2024
4,INSTITUCION EDUCATIVA AGROPECUARIA EL EJIDO,POLICARPA,2024
35,INSTITUCION EDUCATIVA AGROPECUARIA EL REMOLINO,TAMINANGO,2024
22,INSTITUCION EDUCATIVA AGROPECUARIA INDAGENA SEBASTIAN GARCIA CARLOSAMA,CUASPAD,2024
25,INSTITUCION EDUCATIVA AGROPECUARIA INDIGENA DE PANAN,CUMBAL,2024
11,INSTITUCION EDUCATIVA AGROPECUARIA LA ESPERANZA,BELAN,2024
15,INSTITUCION EDUCATIVA AGROPECUARIA LA FLORESTA,SAPUYES,2024
19,INSTITUCION EDUCATIVA AGROPECUARIA LA VEGA,SAN BERNARDO,2024
24,INSTITUCION EDUCATIVA AGROPECUARIA LUIS ANTONIO MONTERO,POTOSA,2024
15,INSTITUCION EDUCATIVA AGROPECUARIA MARISCAL SUCRE,FUNES,2024
10,INSTITUCION EDUCATIVA AGROPECUARIA POLACHAYAN,TAQUERRES,2024
25,INSTITUCION EDUCATIVA AGROPECUARIA SAN CARLOS,COLAN,2024
15,INSTITUCION EDUCATIVA AGROPECUARIA SAN JUAN BAUTISTA DE LA SALLE,MALLAMA,2024
21,INSTITUCION EDUCATIVA AGROPECUARIA SAN MARTIN DE PORRES,SAMANIEGO,2024
25,INSTITUCION EDUCATIVA AGROPECUARIA VERACRUZ,BUESACO,2024
11,INSTITUCION EDUCATIVA AGROPECUARIA Y AMBIENTAL ARCA DE NOE,LA TOLA,2024
9,INSTITUCION EDUCATIVA AGROPECUARIO DEL RIO SANQUIANGA,OLAYA HERRERA,2024
7,INSTITUCION EDUCATIVA AGROPECUARIO LA PLANADA,LOS ANDES,2024
15,INSTITUCION EDUCATIVA AGROPECUARIO SANTA ROSA,CUMBITARA,2024
24,INSTITUCION EDUCATIVA ALBERTO QUIJANO GUERRERO,TANGUA,2024
13,INSTITUCION EDUCATIVA ALFONSO LOPEZ,IPIALES,2024
28,INSTITUCION EDUCATIVA ANDES DE CUICAL,CUMBAL,2024
13,INSTITUCION EDUCATIVA BAJO SINAI,POTOSA,2024
8,INSTITUCION EDUCATIVA BUENAVISTA,BARBACOAS,2024
56,INSTITUCION EDUCATIVA CAMILO TORRES,CUASPAD,2024
52,INSTITUCION EDUCATIVA CARLOS ALBORNOZ ROSAS,ANCUYA,2024
91,INSTITUCION EDUCATIVA CHACHAGUI,CHACHAGAA,2024
17,INSTITUCION EDUCATIVA CHAPACUAL,YACUANQUER,2024
164,INSTITUCION EDUCATIVA CIUDAD DE IPIALES,IPIALES,2024
42,INSTITUCION EDUCATIVA COLEGIO DEPTAL SAN CARLOS,CONTADERO,2024
47,INSTITUCION EDUCATIVA COLEGIO JOSE ANTONIO GALAN,ILES,2024
11,INSTITUCION EDUCATIVA COLEGIO MUNICIPAL DE OLAYA,TAQUERRES,2024
62,INSTITUCION EDUCATIVA COMERCIAL LITORAL PACIFICO,OLAYA HERRERA,2024
38,INSTITUCION EDUCATIVA COMERCIAL SAN LUIS,ALDANA,2024
36,INSTITUCION EDUCATIVA CONCENTRACION DE DESARROLLO RURAL,YACUANQUER,2024
13,INSTITUCION EDUCATIVA CUNCHILA,OSPINA,2024
49,INSTITUCION EDUCATIVA DE BACHILLERATO,LA CRUZ,2024
4,INSTITUCION EDUCATIVA DE BAZAN,EL CHARCO,2024
55,INSTITUCION EDUCATIVA DE COMERCIO,PUPIALES,2024
41,INSTITUCION EDUCATIVA DE DESARROLLO RURAL DE BERRUECOS,ARBOLEDA,2024
14,INSTITUCION EDUCATIVA DE DESARROLLO RURAL,CONSACA,2024
81,INSTITUCION EDUCATIVA DE DESARROLLO RURAL,LA UNIAN,2024
16,INSTITUCION EDUCATIVA DEL NORTE MUNICIPIO DE ILES,ILES,2024
100,INSTITUCION EDUCATIVA DEL SUR - INESUR,PASTO,2024
63,INSTITUCION EDUCATIVA DEL SUR,IPIALES,2024
34,INSTITUCION EDUCATIVA DEPARTAMENTAL LOS HEROES,PUPIALES,2024
44,INSTITUCION EDUCATIVA DEPTAL JUAN PABLO I,LA LLANADA,2024
64,INSTITUCION EDUCATIVA DIEGO LUIS CORDOBA,LINARES,2024
96,INSTITUCION EDUCATIVA DIVINO NIAO JESUS,CUMBAL,2024
21,INSTITUCION EDUCATIVA DIVINO NIA¿O GENOVA,COLAN,2024
10,INSTITUCION EDUCATIVA ECOLOGICA LA COCHA,ARBOLEDA,2024
30,INSTITUCION EDUCATIVA EL CANAL NOCTURNO MARIANO OSPINA PEREZ,EL CHARCO,2024
36,INSTITUCION EDUCATIVA EL DIVISO,BARBACOAS,2024
22,INSTITUCION EDUCATIVA EL PALMAR,LEIVA,2024
40,INSTITUCION EDUCATIVA EL PARAMO,TAMINANGO,2024
15,INSTITUCION EDUCATIVA EL PLACER,IPIALES,2024
49,INSTITUCION EDUCATIVA ELISEO PAYAN,MAGAA,2024
89,INSTITUCION EDUCATIVA ESCUELA NORMAL SUPERIOR SAN CARLOS,LA UNIAN,2024
33,INSTITUCION EDUCATIVA FRANCISCO DE PAULA SANTANDER,OSPINA,2024
39,INSTITUCION EDUCATIVA GABRIEL GARCIA MARQUEZ,IPIALES,2024
103,INSTITUCION EDUCATIVA GENARO LEON,GUACHUCAL,2024
12,INSTITUCION EDUCATIVA GUSTIN SANTACRUZ,LA FLORIDA,2024
6,INSTITUCION EDUCATIVA INDIGENA SANTA TERESITA DE MUESES,POTOSA,2024
13,INSTITUCION EDUCATIVA INMACULADA CONCEPCION DE TALLAMBI,CUMBAL,2024
57,INSTITUCION EDUCATIVA INSTITUTO TECNICO GIRARDOT,TAQUERRES,2024
110,INSTITUCION EDUCATIVA INSTITUTO TERESIANO,TAQUERRES,2024
17,INSTITUCION EDUCATIVA JESUS DE NAZARETH,IPIALES,2024
37,INSTITUCION EDUCATIVA JESUS DEL GRAN PODER,IMUAS,2024
50,INSTITUCION EDUCATIVA JESUS NAZARENO,EL TAMBO,2024
39,INSTITUCION EDUCATIVA JORGE ELIECER GAITAN,EL PEAOL,2024
57,INSTITUCION EDUCATIVA JOSE ANTONIO GALAN,SAN BERNARDO,2024
143,INSTITUCION EDUCATIVA JOSE ANTONIO LLORENTE,CUMBAL,2024
2,INSTITUCION EDUCATIVA JOSE MARIA NAVARRETE,TANGUA,2024
97,INSTITUCION EDUCATIVA JUAN IGNACIO ORTIZ,ALBAN,2024
53,INSTITUCION EDUCATIVA JUAN PABLO II,NARIAO,2024
54,INSTITUCION EDUCATIVA JUAN XXIII,PUERRES,2024
140,INSTITUCION EDUCATIVA JUANAMBU,LA UNIAN,2024
22,INSTITUCION EDUCATIVA JUBANGUANA,BUESACO,2024
5,INSTITUCION EDUCATIVA LA HUMILDAD,BARBACOAS,2024
11,INSTITUCION EDUCATIVA LA INMACULADA DE ROBLES,LA FLORIDA,2024
57,INSTITUCION EDUCATIVA LA INMACULADA,OLAYA HERRERA,2024
6,INSTITUCION EDUCATIVA LA PAZ,LOS ANDES,2024
29,INSTITUCION EDUCATIVA LA VICTORIA,IPIALES,2024
6,INSTITUCION EDUCATIVA LAS DELICIAS,CONTADERO,2024
21,INSTITUCION EDUCATIVA LAS DELICIAS,LEIVA,2024
10,INSTITUCION EDUCATIVA LAS LAJAS,IPIALES,2024
15,INSTITUCION EDUCATIVA LAS MARIAS,OLAYA HERRERA,2024
30,INSTITUCION EDUCATIVA LEOPOLDO LOPEZ ALVAREZ,COLAN,2024
37,INSTITUCION EDUCATIVA LICEO DEL PACIFICO,MOSQUERA,2024
83,INSTITUCION EDUCATIVA LICEO SAN ANDRES DE TUMACO,SAN ANDRAS DE TUMACO,2024
21,INSTITUCION EDUCATIVA LOS ARRAYANES,CARDOBA,2024
118,INSTITUCION EDUCATIVA LOS LIBERTADORES,CONSACA,2024
49,INSTITUCION EDUCATIVA LUIS IRIZAR SALAZAR,BARBACOAS,2024
28,INSTITUCION EDUCATIVA MADRIGAL SAN FRANCISCO DE ASIS,POLICARPA,2024
25,INSTITUCION EDUCATIVA MARIA LUZ,IMUAS,2024
53,INSTITUCION EDUCATIVA MISAEL PASTRANA BORRERO,TANGUA,2024
12,INSTITUCION EDUCATIVA MONOPAMBA,PUERRES,2024
57,INSTITUCION EDUCATIVA MUNICIPIO DE FUNES,FUNES,2024
71,INSTITUCION EDUCATIVA MUNICIPIO DE MALLAMA,MALLAMA,2024
59,INSTITUCION EDUCATIVA NACIONAL SEMINARIO,IPIALES,2024
23,INSTITUCION EDUCATIVA NAZARET,IPIALES,2024
102,INSTITUCION EDUCATIVA NORMAL SUPERIOR DEL MAYO,LA CRUZ,2024
167,INSTITUCION EDUCATIVA NORMAL SUPERIOR LA INMACULADA,BARBACOAS,2024
55,INSTITUCION EDUCATIVA NORMAL SUPERIOR PIO XII,PUPIALES,2024
44,INSTITUCION EDUCATIVA NUESTRA SEAORA DE BELEN,BELAN,2024
68,INSTITUCION EDUCATIVA NUESTRA SEAORA DE FATIMA,SANDONA,2024
20,INSTITUCION EDUCATIVA NUESTRA SEAORA DE LAS LAJAS,ANCUYA,2024
52,INSTITUCION EDUCATIVA NUESTRA SEAORA DE LAS LAJAS,CHACHAGAA,2024
25,INSTITUCION EDUCATIVA NUESTRA SEAORA DE LAS LAJAS,IPIALES,2024
65,INSTITUCION EDUCATIVA NUESTRA SEAORA DE LAS NIEVES,GUAITARILLA,2024
53,INSTITUCION EDUCATIVA NUESTRA SEAORA DE LOURDES,POTOSA,2024
15,INSTITUCION EDUCATIVA NUESTRA SEAORA DEL CARMEN,EL ROSARIO,2024
41,INSTITUCION EDUCATIVA NUESTRA SEAORA DEL CARMEN,SAN LORENZO,2024
17,INSTITUCION EDUCATIVA NUESTRA SEAORA DEL CARMEN,TANGUA,2024
61,INSTITUCION EDUCATIVA NUESTRA SEAORA DEL PILAR,ALDANA,2024
17,INSTITUCION EDUCATIVA NUESTRA SEAORA DEL ROSARIO,COLAN,2024
18,INSTITUCION EDUCATIVA NUESTRA SEAORA DEL ROSARIO,EL ROSARIO,2024
22,INSTITUCION EDUCATIVA NUESTRA SEAORA DELCARMEN,LA FLORIDA,2024
12,INSTITUCION EDUCATIVA NUESTRA SRA. DE FATIMA,CARDOBA,2024
64,INSTITUCION EDUCATIVA NUESTRO SEA¿OR DEL RIO DE CHILES,CUMBAL,2024
37,INSTITUCION EDUCATIVA OSPINA PEREZ,RICAURTE,2024
105,INSTITUCION EDUCATIVA PABLO VI,TAMINANGO,2024
23,INSTITUCION EDUCATIVA PEDRO DE ADRADA,TAMINANGO,2024
65,INSTITUCION EDUCATIVA PEDRO LEON TORRES,YACUANQUER,2024
78,INSTITUCION EDUCATIVA PEREZ PALLARES,IPIALES,2024
19,INSTITUCION EDUCATIVA POLICARPA BOCA DE TELEMBI,ROBERTO PAYAN,2024
146,INSTITUCION EDUCATIVA POLICARPA SALAVARRIETA,SAMANIEGO,2024
22,INSTITUCION EDUCATIVA POLITECNICA SANTA BARBARA,SANTA BARBARA,2024
24,INSTITUCION EDUCATIVA POLITECNICO JUAN BOLAAOS,ALBAN,2024
61,INSTITUCION EDUCATIVA POLITECNICO MARCELO MIRANDA,IPIALES,2024
48,INSTITUCION EDUCATIVA PROVIDENCIA,PROVIDENCIA,2024
13,INSTITUCION EDUCATIVA PUENES,IPIALES,2024
61,INSTITUCION EDUCATIVA RAFAEL URIBE URIBE,BUESACO,2024
90,INSTITUCION EDUCATIVA RICAURTE,RICAURTE,2024
41,INSTITUCION EDUCATIVA RIO TAPAJE,EL CHARCO,2024
11,INSTITUCION EDUCATIVA SAGRADO CORAZON DE JESUS,EL ROSARIO,2024
83,INSTITUCION EDUCATIVA SAGRADO CORAZON DE JESUS,EL TAMBO,2024
72,INSTITUCION EDUCATIVA SAGRADO CORAZON DE JESUS,SAN LORENZO,2024
21,INSTITUCION EDUCATIVA SAGRADO CORAZON DE JESUS,SANDONA,2024
14,INSTITUCION EDUCATIVA SAGRADOS CORAZONES DE JESUS Y MARIA,CHACHAGAA,2024
18,INSTITUCION EDUCATIVA SAN ALEJANDRO,GUAITARILLA,2024
17,INSTITUCION EDUCATIVA SAN ANTONIO DE PADUA,BUESACO,2024
10,INSTITUCION EDUCATIVA SAN ANTONIO DE PADUA,POTOSA,2024
19,INSTITUCION EDUCATIVA SAN BARTOLOME DE LA FLORIDA,LA FLORIDA,2024
105,INSTITUCION EDUCATIVA SAN BARTOLOME,CARDOBA,2024
20,INSTITUCION EDUCATIVA SAN FRANCISCO DE ASIS,ANCUYA,2024
27,INSTITUCION EDUCATIVA SAN FRANCISCO DE ASIS,EL PEAOL,2024
14,INSTITUCION EDUCATIVA SAN FRANCISCO DE ASIS,ILES,2024
51,INSTITUCION EDUCATIVA SAN FRANCISCO DE ASIS,IPIALES,2024
25,INSTITUCION EDUCATIVA SAN FRANCISCO DE ASIS,LINARES,2024
69,INSTITUCION EDUCATIVA SAN FRANCISCO DE ASIS,TAQUERRES,2024
87,INSTITUCION EDUCATIVA SAN GERARDO,LEIVA,2024
14,INSTITUCION EDUCATIVA SAN IGNACIO,BUESACO,2024
12,INSTITUCION EDUCATIVA SAN ISIDRO,OSPINA,2024
5,INSTITUCION EDUCATIVA SAN JOSE CALABAZAL,OLAYA HERRERA,2024
25,INSTITUCION EDUCATIVA SAN JOSE DE CHILLANQUER,GUACHUCAL,2024
13,INSTITUCION EDUCATIVA SAN JOSE DE MATITUY,LA FLORIDA,2024
26,INSTITUCION EDUCATIVA SAN JOSE DEL TAPAJE,EL CHARCO,2024
28,INSTITUCION EDUCATIVA SAN JOSE DEL TELEMBI,ROBERTO PAYAN,2024
40,INSTITUCION EDUCATIVA SAN JOSE,GUALMATAN,2024
43,INSTITUCION EDUCATIVA SAN JUAN BAUTISTA,SANTACRUZ,2024
11,INSTITUCION EDUCATIVA SAN JUAN DE MAYASQUER,CUMBAL,2024
23,INSTITUCION EDUCATIVA SAN JUAN,IPIALES,2024
20,INSTITUCION EDUCATIVA SAN LORENZO DE YARAMAL,IPIALES,2024
120,INSTITUCION EDUCATIVA SAN LUIS GONZAGA,TAQUERRES,2024
8,INSTITUCION EDUCATIVA SAN MATEO,PUERRES,2024
45,INSTITUCION EDUCATIVA SAN PEDRO DE CARTAGO,SAN PEDRO DE CARTAGO,2024
46,INSTITUCION EDUCATIVA SAN PEDRO,CUMBITARA,2024
19,INSTITUCION EDUCATIVA SAN PEDRO,EL TAMBO,2024
37,INSTITUCION EDUCATIVA SAN SEBASTIAN DE YASCUAL,TAQUERRES,2024
20,INSTITUCION EDUCATIVA SANTA MARIA,BUESACO,2024
19,INSTITUCION EDUCATIVA SANTA MARTHA,SAN LORENZO,2024
16,INSTITUCION EDUCATIVA SANTA ROSA DE LIMA,BUESACO,2024
3,INSTITUCION EDUCATIVA SANTA ROSA DE LIMA,EL ROSARIO,2024
17,INSTITUCION EDUCATIVA SANTA TERESITA DE ALTAQUER,BARBACOAS,2024
23,INSTITUCION EDUCATIVA SANTANDER,CARDOBA,2024
14,INSTITUCION EDUCATIVA SANTANDER,LA UNIAN,2024
155,INSTITUCION EDUCATIVA SANTO TOMAS DE AQUINO,SANDONA,2024
72,INSTITUCION EDUCATIVA SEAOR DEL MAR,FRANCISCO PIZARRO,2024
20,INSTITUCION EDUCATIVA SEBASTIAN DE BELALCAZAR,SAPUYES,2024
100,INSTITUCION EDUCATIVA SIMON BOLIVAR,SAMANIEGO,2024
53,INSTITUCION EDUCATIVA SOFONIAS YACUP,LA TOLA,2024
182,INSTITUCION EDUCATIVA SUCRE,IPIALES,2024
17,INSTITUCION EDUCATIVA TACNICA AGROPECUARIA Y DE SISTEMAS SIMON ALVAREZ,SAMANIEGO,2024
12,INSTITUCION EDUCATIVA TACNICA COMERCIAL PANGAS,LOS ANDES,2024
18,INSTITUCION EDUCATIVA TACNICO AGROPECUARIA RODRIGO LARA BONILLA,LA LLANADA,2024
27,INSTITUCION EDUCATIVA TECNICA  NUESTRA SEAORA DE LOURDES,SANTACRUZ,2024
33,INSTITUCION EDUCATIVA TECNICA AGRICOLA JOSE MARIA HERNANDEZ,PUPIALES,2024
10,INSTITUCION EDUCATIVA TECNICA AGROECOLOGICA DEL RESGUARDO DE MALES,CARDOBA,2024
38,INSTITUCION EDUCATIVA TECNICA AGROPECUARIA EL EMPALME,IPIALES,2024
19,INSTITUCION EDUCATIVA TECNICA AGROPECUARIA INDIGENA CUMBE,CUMBAL,2024
17,INSTITUCION EDUCATIVA TECNICA AGROPECUARIA INDIGENA DEL RESGUARDO DE MALES.,CARDOBA,2024
18,INSTITUCION EDUCATIVA TECNICA AGROPECUARIA INDIGENA LIBARDO RAMIRO MUAOZ,GUACHUCAL,2024
21,INSTITUCION EDUCATIVA TECNICA AGROPECUARIA SALINAS,SAN LORENZO,2024
36,INSTITUCION EDUCATIVA TECNICA AGROPECUARIA SAN DIEGO,GUACHUCAL,2024
30,INSTITUCION EDUCATIVA TECNICA AGROPECUARIA SAN GERARDO,SAN LORENZO,2024
10,INSTITUCION EDUCATIVA TECNICA AGROPECUARIA SANTA CECILIA,SAN LORENZO,2024
44,INSTITUCION EDUCATIVA TECNICA COMERCIAL SAN JUAN BAUTISTA,EL CHARCO,2024
18,INSTITUCION EDUCATIVA TECNICA EL ESPINO,SAPUYES,2024
8,INSTITUCION EDUCATIVA TECNICA INDUSTRIAL SAN GERARDO,LA CRUZ,2024
19,INSTITUCION EDUCATIVA TECNICA MANUEL BRICEAO,SAN PABLO,2024
34,INSTITUCION EDUCATIVA TECNICA MARIA AUXILIADORA,GUAITARILLA,2024
26,INSTITUCION EDUCATIVA TECNICA PROMOCION SOCIAL,GUALMATAN,2024
23,INSTITUCION EDUCATIVA TECNICA SAN FRANCISCO DE ASIS,LA CRUZ,2024
19,INSTITUCION EDUCATIVA TECNICA SANTO TOMAS,GUALMATAN,2024
6,INSTITUCION EDUCATIVA TECNICO AGROECOLOGICO EL MOTILON,SAMANIEGO,2024
69,INSTITUCION EDUCATIVA TECNICO SAN JUAN BAUTISTA,LOS ANDES,2024
33,INSTITUCION EDUCATIVA TECNOLOGICA AGROAMBIENTAL INDIGENA AWA,BARBACOAS,2024
91,INSTITUCION EDUCATIVA TOMAS ARTURO SANCHEZ,IPIALES,2024
5,INSTITUCION EDUCATIVA VALPARAISO BAJO,SAN LORENZO,2024
14,INSTITUCION EDUCATIVA VILLAMORENO,BUESACO,2024
26,INSTITUCION EDUCATIVA YO REINARE,CUMBAL,2024
20,INSTITUCION EDUCATIVO  AGROPECUARIA INGA DE APONTE,EL TABLAN DE GAMEZ,2024
38,INSTITUCION PARA JAVENES Y ADULTOS PAULO FREIRE,IPIALES,2024
10,INSTITUTO BET - EL,PASTO,2024
13,INSTITUTO DE EDUCACIAN TACNICA PARA EL DESARROLLO INCATD,CARDOBA,2024
16,INSTITUTO DE EDUCACIAN TACNICA PARA EL DESARROLLO INCATD,GUACHUCAL,2024
13,INSTITUTO DE EDUCACIAN TACNICA PARA EL DESARROLLO INCATD,PUPIALES,2024
109,INSTITUTO DE EDUCACIAN TECNICA INESUR,IPIALES,2024
10,INSTITUTO DE EDUCACION TECNICA AVANCEMOS,IPIALES,2024
59,INSTITUTO DE EDUCACION TECNICA PARA EL DESARROLLO INCATD,IPIALES,2024
9,INSTITUTO DE ESTUDIOS TACNICOS LABORALES  INSETEC,IPIALES,2024
37,INSTITUTO EDUCATIVO ALBERTO QUIJANO VODNIZA,PASTO,2024
3,INSTITUTO EDUCATIVO LUISEG,BUESACO,2024
2,INSTITUTO GABRIEL GARCIA MARQUEZ,SAN ANDRAS DE TUMACO,2024
22,INSTITUTO GRAN COLOMBIANO JOSE MUTIS,PASTO,2024
8,INSTITUTO POLITACNICO DE LOS ANDES,PASTO,2024
18,INSTITUTO POLITECNICO SUR ANDINO - POLISUR,PASTO,2024
14,INSTITUTO TACNICO SISTEMATIZADO DE NARIAO - INTESNAR,PASTO,2024
6,INTEC&SISTEM INSTITUTO TECNICO DE EDUCACION Y SISTEMAS,BUESACO,2024
116,LIC INTEGD DE BTO UNIVERSIDAD DE NARIAO,PASTO,2024
57,LIC SANTA TERESITA DE PASTO,PASTO,2024
5,LICEO BILINGAE NELSON MANDELA,SAN ANDRAS DE TUMACO,2024
55,LICEO DE LA MERCED MARIDIAZ,PASTO,2024
170,LICEO JOSE FELIX JIMENEZ,PASTO,2024
3,MANANTIAL CARRETERA,SAN ANDRAS DE TUMACO,2024
