﻿n_estu,colegio_nombre,cole_mcpio_ubicacion,anio
36,BTO MODERNO DE ADULTOS EXTERNADO DEL SUR,PASTO,2020
10,CENTRO DE EDUCACION PARA ADULTOS ANTONIO RICAURTE,RICAURTE,2020
128,CENTRO EDUCATIVO BOLIVARIANO,PASTO,2020
43,CENTRO EDUCATIVO CECONPAZ,TUQUERRES,2020
3,CENTRO EDUCATIVO IVAN ILICH,IPIALES,2020
29,CENTRO PEDAGAGICO MARIA DE LA PAZ,PASTO,2020
42,COL COMFAMILIAR DE NARIAO SIGLO XXI,PASTO,2020
61,COL ESTUDIAR AULA SIN FRONTERAS,PASTO,2020
60,COL FILIPENSE NUESTRA SRA DE LA ESPERANZA,PASTO,2020
123,COL INSUCA,PASTO,2020
43,COL LA INMACULADA,PASTO,2020
23,COL MILITAR COLOMBIA,PASTO,2020
49,COL NUESTRA SEAORA DE LAS LAJAS,PASTO,2020
32,COL NUESTRA SRA DEL CARMEN,PASTO,2020
12,COL PARA ADULTOS COMFAMILIAR DE NARIAO,PASTO,2020
16,COL RAFAEL POMBO,TUMACO,2020
110,COL SAN FELIPE NERI,PASTO,2020
88,COL SAN FRANCISCO JAVIER,PASTO,2020
93,COLEGIO BACHILLERATO COLSUP,PASTO,2020
38,COLEGIO CHAMPAGNAT,IPIALES,2020
75,COLEGIO DEL SAGRADO CORAZON DE JESUS,PASTO,2020
23,COLEGIO FILIPENSE,IPIALES,2020
52,COLEGIO INMACULADA CONCEPCION,IPIALES,2020
164,COLEGIO INSECOL S.A.S.,IPIALES,2020
24,COLEGIO LOS AMIGOS DE LA CIENCIA S.A.S ZOMAC,TUMACO,2020
25,COLEGIO MI PEQUEAO MUNDO GIMNASIO LOS ANDES,PASTO,2020
26,COLEGIO MUNDO DE PRAGA,PASTO,2020
48,COLEGIO NUEVO HORIZONTE,TUMACO,2020
19,COLEGIO PARA ADULTOS EDUCAR,IPIALES,2020
31,COLEGIO SAN FELIPE NERI,IPIALES,2020
24,COLEGIO TECNICO MILITAR ALMIRANTE TONO TUMACO SAS,TUMACO,2020
143,I. E. CIUDADELA EDUCATIVA TUMAC,TUMACO,2020
147,I. E. ROBERTO MARIO BISCHOFF,TUMACO,2020
17,I. E. TECNICA PEAA COLORADA,TUMACO,2020
6,I.E. BILINGAE AWA TECNICO AGROINDUSTRIAL PIANULPI,TUMACO,2020
24,I.E. CHAJAL,TUMACO,2020
47,I.E. FRANCISCO JOSE DE CALDAS,TUMACO,2020
7,I.E. INDAGENA AGROAMBIENTAL MAYKER,CUMBAL,2020
4,I.E. LA ENSENADA,TUMACO,2020
93,I.E. LLORENTE,TUMACO,2020
16,I.E. MICROEMPRESARIAL LOS ANDES,IPIALES,2020
30,I.E. SANTANDER,TUQUERRES,2020
14,I.E. SIMAN BOLAVAR,PASTO,2020
15,I.E.M. AGUSTIN AGUALONGO,PASTO,2020
48,I.E.M. ANTONIO NARIAO,PASTO,2020
119,I.E.M. ARTEMIO MENDOZA CARVAJAL,PASTO,2020
21,I.E.M. AURELIO ARTURO MARTINEZ,PASTO,2020
15,I.E.M. CABRERA,PASTO,2020
61,I.E.M. CENT DE INTEGRACION POPULAR,PASTO,2020
45,I.E.M. CHAMBU,PASTO,2020
387,I.E.M. CIUDAD DE PASTO,PASTO,2020
48,I.E.M. CIUDADELA DE PAZ,PASTO,2020
160,I.E.M. CIUDADELA EDUCATIVA DE PASTO,PASTO,2020
44,I.E.M. CRISTO REY,PASTO,2020
16,I.E.M. EDUARDO ROMO ROSERO,PASTO,2020
18,I.E.M. EL SOCORRO,PASTO,2020
42,I.E.M. FRANCISCO DE LA VILLOTA,PASTO,2020
38,I.E.M. FRANCISCO JOSE DE CALDAS,PASTO,2020
11,I.E.M. GUALMATAN,PASTO,2020
86,I.E.M. HERALDO ROMERO SANCHEZ,PASTO,2020
45,I.E.M. JOSE ANTONIO GALAN,PASTO,2020
45,I.E.M. LA ROSA,PASTO,2020
183,I.E.M. LIBERTAD,PASTO,2020
125,I.E.M. LICEO CENTRAL DE NARIAO,PASTO,2020
363,I.E.M. LUIS DELFIN INSUASTY RODRIGUEZ,PASTO,2020
121,I.E.M. LUIS EDUARDO MORA OSEJO,PASTO,2020
69,I.E.M. MARCO FIDEL SUAREZ,PASTO,2020
310,I.E.M. MARIA GORETTI,PASTO,2020
73,I.E.M. MERCEDARIO,PASTO,2020
12,I.E.M. MORASURCO,PASTO,2020
202,I.E.M. NORMAL SUPERIOR DE PASTO,PASTO,2020
41,I.E.M. NUESTRA SEAORA DE GUADALUPE,PASTO,2020
27,I.E.M. NUESTRA SEAORA DE LA VISITACION,PASTO,2020
30,I.E.M. OBONUCO,PASTO,2020
35,I.E.M. PEDAGOGICO,PASTO,2020
52,I.E.M. SAN JOSE BETHLEMITAS,PASTO,2020
92,I.E.M. SAN JUAN BOSCO,PASTO,2020
70,I.E.M. SANTA BARBARA,PASTO,2020
58,I.E.M. SANTA TERESITA,PASTO,2020
196,I.E.M. TECNICO INDUSTRIAL,PASTO,2020
7,I.E.T. AGROP-AMBIENTAL BILINGUE INDA ZABALETA,TUMACO,2020
155,IE .INST. TEC. POPULAR DE LA COSTA,TUMACO,2020
11,IE ALTO MIRA FRONTERA,TUMACO,2020
82,IE. AGROINDUSTRIAL SAN LUIS ROBLES,TUMACO,2020
65,IE. CIUDADELA MIXTA COLOMBIA,TUMACO,2020
30,IE. DOS QUEBRADAS,TUMACO,2020
82,IE. FAUSTINO ARIAS REINEL,TUMACO,2020
69,IE. GENERAL SANTANDER,TUMACO,2020
142,IE. IBERIA,TUMACO,2020
32,IE. IMBILI CARRETERA,TUMACO,2020
69,IE. INMACULADA CONCEPCION,TUMACO,2020
72,IE. INST. TEC. AGROPECUARIO DE CANDELILLAS CARRETERA,TUMACO,2020
93,IE. INST. TEC. INDUSTRIAL NAL.,TUMACO,2020
73,IE. INTEGRADA DE CHILVI,TUMACO,2020
91,IE. LICEO NACIONAL MAX SEIDEL,TUMACO,2020
11,IE. MANUEL BENITEZ DUCLERG,TUMACO,2020
18,IE. MANUEL ELKIN PATARROLLO,TUMACO,2020
130,IE. MISIONAL SANTA TERESITA,TUMACO,2020
153,IE. NUESTRA SEAORA DE FATIMA,TUMACO,2020
5,IE. NUESTRA SEAORA DE LAS LAJAS,TUMACO,2020
48,IE. NUESTRA SEA¿ORA DEL CARMEN DE ESPRIELLA,TUMACO,2020
98,IE. NUEVA FLORIDA,TUMACO,2020
44,IE. SAN JOSE DE CAUNAPI,TUMACO,2020
7,IE. SAN JUAN EVANGELISTA,TUMACO,2020
118,IE. SANTA TERESITA,TUMACO,2020
58,IE. TACNICO AGROPECUARIO TANGAREAL CARRETERA,TUMACO,2020
146,INST CHAMPAGNAT,PASTO,2020
20,INST EDUC LUISEG,PASTO,2020
19,INST JORGE ELIECER GAITAN,PASTO,2020
43,INST SAN FRANCISCO DE ASIS,PASTO,2020
15,INST. MIXTO RENACER,TUMACO,2020
16,INST. VIGOTSKY,TUMACO,2020
9,INSTITUCIAN EDUCATIVA AGROAMBIENTAL PUSPUED,MALLAMA (PIEDRANCHA),2020
18,INSTITUCIAN EDUCATIVA AGROECOLAGICO LA PLAYA,FRANCISCO PIZARRO,2020
12,INSTITUCIAN EDUCATIVA AGROINDUSTRIAL LA VICTORIA CON ANFASIS EN LA PRODUCCIAN DE CAFAS ESPECIALES,EL TABLON,2020
14,INSTITUCIAN EDUCATIVA BILINGAE AGROINDUSTRIAL SINDAGUA - I.E.B.A.S,RICAURTE,2020
11,INSTITUCIAN EDUCATIVA CHAPIURCO,ALBAN (SAN JOSE),2020
19,INSTITUCIAN EDUCATIVA CURIACO,TAMINANGO,2020
7,INSTITUCIAN EDUCATIVA FATIMA,EL TABLON,2020
10,INSTITUCIAN EDUCATIVA LA ESTANCIA,SAN PEDRO DE CARTAGO,2020
72,INSTITUCIAN EDUCATIVA NUESTRA SEAORA DE LAS MERCEDES,EL TABLON,2020
58,INSTITUCIAN EDUCATIVA NUESTRA SEAORA DEL CARMEN,EL CHARCO,2020
24,INSTITUCIAN EDUCATIVA PALO VERDE,LA UNION,2020
20,INSTITUCIAN EDUCATIVA PIZANDA,CUMBITARA,2020
4,INSTITUCIAN EDUCATIVA SANTA CRUZ,POLICARPA,2020
12,INSTITUCION  AGROPECUARIA COMUNIDAD  INDIGENA  INKAI -AWA,RICAURTE,2020
54,INSTITUCION  EDUCATIVA  LAS MESAS  INSEM,EL TABLON,2020
10,INSTITUCION  EDUCATIVA EL HORMIGUERO,EL CHARCO,2020
50,INSTITUCION  EDUCATIVA NORMAL SUPERIOR SAGRADO CORAZON DE JESUS,SAN PABLO,2020
33,INSTITUCION  EDUCATIVA ROSAFLORIDA,ARBOLEDA (BERRUECOS),2020
14,INSTITUCION EDUCATIVA  AGROPECUARIA MIGUEL ANGEL RANGEL,LA CRUZ,2020
28,INSTITUCION EDUCATIVA  AGROPECUARIA SANTA ANA,IMUES,2020
15,INSTITUCION EDUCATIVA  AGROPECUARIA SIMON BOLIVAR,SANDONA,2020
73,INSTITUCION EDUCATIVA  ANTONIO NARIAO,SAN PABLO,2020
12,INSTITUCION EDUCATIVA  EL MANZANO,TAMINANGO,2020
16,INSTITUCION EDUCATIVA  EL TABLON,TAMINANGO,2020
15,INSTITUCION EDUCATIVA  JESUS DE PRAGA,SANDONA,2020
60,INSTITUCION EDUCATIVA  MICROEMPRESARIAL DE CABUYALES,LA CRUZ,2020
56,INSTITUCION EDUCATIVA  MUNICIPAL EL ENCANO,PASTO,2020
34,INSTITUCION EDUCATIVA  POLICARPA,POLICARPA,2020
10,INSTITUCION EDUCATIVA AGRICOLA DE LA SABANA,TUQUERRES,2020
12,INSTITUCION EDUCATIVA AGROAMBIENTAL SANTA ROSA,BELEN,2020
17,INSTITUCION EDUCATIVA AGROECOLOGICA SAGRADO CORAZON DE JESUS,CUMBAL,2020
47,INSTITUCION EDUCATIVA AGROINDUSTRIAL LOS PASTOS,IPIALES,2020
24,INSTITUCION EDUCATIVA AGROPECUARIA ALTAMIRA,POLICARPA,2020
27,INSTITUCION EDUCATIVA AGROPECUARIA BOMBONA,CONSACA,2020
13,INSTITUCION EDUCATIVA AGROPECUARIA CUATRO ESQUINAS,TUQUERRES,2020
7,INSTITUCION EDUCATIVA AGROPECUARIA EL EJIDO,POLICARPA,2020
23,INSTITUCION EDUCATIVA AGROPECUARIA EL REMOLINO,TAMINANGO,2020
15,INSTITUCION EDUCATIVA AGROPECUARIA INDAGENA SEBASTIAN GARCIA CARLOSAMA,CUASPUD (CARLOSAMA),2020
38,INSTITUCION EDUCATIVA AGROPECUARIA INDIGENA DE PANAN,CUMBAL,2020
20,INSTITUCION EDUCATIVA AGROPECUARIA LA ESPERANZA,BELEN,2020
12,INSTITUCION EDUCATIVA AGROPECUARIA LA FLORESTA,SAPUYES,2020
17,INSTITUCION EDUCATIVA AGROPECUARIA LA VEGA,SAN BERNARDO,2020
32,INSTITUCION EDUCATIVA AGROPECUARIA LUIS ANTONIO MONTERO,POTOSI,2020
9,INSTITUCION EDUCATIVA AGROPECUARIA MARISCAL SUCRE,FUNES,2020
8,INSTITUCION EDUCATIVA AGROPECUARIA POLACHAYAN,TUQUERRES,2020
14,INSTITUCION EDUCATIVA AGROPECUARIA SAN CARLOS,COLON (GENOVA),2020
35,INSTITUCION EDUCATIVA AGROPECUARIA SAN JUAN BAUTISTA DE LA SALLE,MALLAMA (PIEDRANCHA),2020
15,INSTITUCION EDUCATIVA AGROPECUARIA SAN MARTIN DE PORRES,SAMANIEGO,2020
13,INSTITUCION EDUCATIVA AGROPECUARIA VERACRUZ,BUESACO,2020
5,INSTITUCION EDUCATIVA AGROPECUARIA Y AMBIENTAL ARCA DE NOE,LA TOLA,2020
14,INSTITUCION EDUCATIVA AGROPECUARIO DEL RIO SANQUIANGA,OLAYA HERRERA,2020
8,INSTITUCION EDUCATIVA AGROPECUARIO LA PLANADA,LOS ANDES (SOTOMAYOR),2020
16,INSTITUCION EDUCATIVA AGROPECUARIO SANTA ROSA,CUMBITARA,2020
22,INSTITUCION EDUCATIVA ALBERTO QUIJANO GUERRERO,TANGUA,2020
11,INSTITUCION EDUCATIVA ALFONSO LOPEZ,IPIALES,2020
28,INSTITUCION EDUCATIVA ANDES DE CUICAL,CUMBAL,2020
13,INSTITUCION EDUCATIVA BAJO SINAI,POTOSI,2020
6,INSTITUCION EDUCATIVA BUENAVISTA,BARBACOAS,2020
58,INSTITUCION EDUCATIVA CAMILO TORRES,CUASPUD (CARLOSAMA),2020
67,INSTITUCION EDUCATIVA CARLOS ALBORNOZ ROSAS,ANCUYA,2020
55,INSTITUCION EDUCATIVA CHACHAGUI,CHACHAGUI,2020
14,INSTITUCION EDUCATIVA CHAPACUAL,YACUANQUER,2020
209,INSTITUCION EDUCATIVA CIUDAD DE IPIALES,IPIALES,2020
49,INSTITUCION EDUCATIVA COLEGIO DEPTAL SAN CARLOS,CONTADERO,2020
64,INSTITUCION EDUCATIVA COLEGIO JOSE ANTONIO GALAN,ILES,2020
7,INSTITUCION EDUCATIVA COLEGIO MUNICIPAL DE OLAYA,TUQUERRES,2020
73,INSTITUCION EDUCATIVA COMERCIAL LITORAL PACIFICO,OLAYA HERRERA,2020
30,INSTITUCION EDUCATIVA COMERCIAL SAN LUIS,ALDANA,2020
52,INSTITUCION EDUCATIVA CONCENTRACION DE DESARROLLO RURAL,YACUANQUER,2020
10,INSTITUCION EDUCATIVA CUNCHILA,OSPINA,2020
46,INSTITUCION EDUCATIVA DE BACHILLERATO,LA CRUZ,2020
17,INSTITUCION EDUCATIVA DE BAZAN,EL CHARCO,2020
51,INSTITUCION EDUCATIVA DE COMERCIO,PUPIALES,2020
35,INSTITUCION EDUCATIVA DE DESARROLLO RURAL DE BERRUECOS,ARBOLEDA (BERRUECOS),2020
15,INSTITUCION EDUCATIVA DE DESARROLLO RURAL,CONSACA,2020
75,INSTITUCION EDUCATIVA DE DESARROLLO RURAL,LA UNION,2020
14,INSTITUCION EDUCATIVA DEL NORTE MUNICIPIO DE ILES,ILES,2020
9,INSTITUCION EDUCATIVA DEL SUR - INESUR,PASTO,2020
71,INSTITUCION EDUCATIVA DEL SUR,IPIALES,2020
41,INSTITUCION EDUCATIVA DEPARTAMENTAL LOS HEROES,PUPIALES,2020
45,INSTITUCION EDUCATIVA DEPTAL JUAN PABLO I,LA LLANADA,2020
46,INSTITUCION EDUCATIVA DIEGO LUIS CORDOBA,LINARES,2020
104,INSTITUCION EDUCATIVA DIVINO NIAO JESUS,CUMBAL,2020
17,INSTITUCION EDUCATIVA DIVINO NIA¿O GENOVA,COLON (GENOVA),2020
15,INSTITUCION EDUCATIVA ECOLOGICA LA COCHA,ARBOLEDA (BERRUECOS),2020
15,INSTITUCION EDUCATIVA EL CANAL NOCTURNO MARIANO OSPINA PEREZ,EL CHARCO,2020
17,INSTITUCION EDUCATIVA EL PALMAR,LEIVA,2020
41,INSTITUCION EDUCATIVA EL PARAMO,TAMINANGO,2020
7,INSTITUCION EDUCATIVA EL PLACER,IPIALES,2020
68,INSTITUCION EDUCATIVA ELISEO PAYAN,MAGUI (PAYAN),2020
87,INSTITUCION EDUCATIVA ESCUELA NORMAL SUPERIOR SAN CARLOS,LA UNION,2020
39,INSTITUCION EDUCATIVA FRANCISCO DE PAULA SANTANDER,OSPINA,2020
31,INSTITUCION EDUCATIVA GABRIEL GARCIA MARQUEZ,IPIALES,2020
171,INSTITUCION EDUCATIVA GENARO LEON,GUACHUCAL,2020
3,INSTITUCION EDUCATIVA GUSTIN SANTACRUZ,LA FLORIDA,2020
8,INSTITUCION EDUCATIVA INDIGENA SANTA TERESITA DE MUESES,POTOSI,2020
11,INSTITUCION EDUCATIVA INMACULADA CONCEPCION DE TALLAMBI,CUMBAL,2020
70,INSTITUCION EDUCATIVA INSTITUTO TECNICO GIRARDOT,TUQUERRES,2020
99,INSTITUCION EDUCATIVA INSTITUTO TERESIANO,TUQUERRES,2020
106,INSTITUCION EDUCATIVA JESUS DE NAZARETH,IPIALES,2020
43,INSTITUCION EDUCATIVA JESUS DEL GRAN PODER,IMUES,2020
50,INSTITUCION EDUCATIVA JESUS NAZARENO,EL TAMBO,2020
45,INSTITUCION EDUCATIVA JORGE ELIECER GAITAN,EL PEAOL,2020
66,INSTITUCION EDUCATIVA JOSE ANTONIO GALAN,SAN BERNARDO,2020
142,INSTITUCION EDUCATIVA JOSE ANTONIO LLORENTE,CUMBAL,2020
9,INSTITUCION EDUCATIVA JOSE MARIA NAVARRETE,TANGUA,2020
88,INSTITUCION EDUCATIVA JUAN IGNACIO ORTIZ,ALBAN (SAN JOSE),2020
56,INSTITUCION EDUCATIVA JUAN PABLO II,NARIAO,2020
57,INSTITUCION EDUCATIVA JUAN XXIII,PUERRES,2020
141,INSTITUCION EDUCATIVA JUANAMBU,LA UNION,2020
17,INSTITUCION EDUCATIVA JUBANGUANA,BUESACO,2020
21,INSTITUCION EDUCATIVA LA INMACULADA DE ROBLES,LA FLORIDA,2020
59,INSTITUCION EDUCATIVA LA INMACULADA,OLAYA HERRERA,2020
9,INSTITUCION EDUCATIVA LA PAZ,LOS ANDES (SOTOMAYOR),2020
50,INSTITUCION EDUCATIVA LA VICTORIA,IPIALES,2020
9,INSTITUCION EDUCATIVA LAS DELICIAS,CONTADERO,2020
18,INSTITUCION EDUCATIVA LAS DELICIAS,LEIVA,2020
17,INSTITUCION EDUCATIVA LAS LAJAS,IPIALES,2020
17,INSTITUCION EDUCATIVA LAS MARIAS,OLAYA HERRERA,2020
27,INSTITUCION EDUCATIVA LEOPOLDO LOPEZ ALVAREZ,COLON (GENOVA),2020
62,INSTITUCION EDUCATIVA LICEO DEL PACIFICO,MOSQUERA,2020
20,INSTITUCION EDUCATIVA LOS ARRAYANES,CORDOBA,2020
81,INSTITUCION EDUCATIVA LOS LIBERTADORES,CONSACA,2020
12,INSTITUCION EDUCATIVA LUIS CARLOS GALAN,LINARES,2020
79,INSTITUCION EDUCATIVA LUIS IRIZAR SALAZAR,BARBACOAS,2020
24,INSTITUCION EDUCATIVA MADRIGAL SAN FRANCISCO DE ASIS,POLICARPA,2020
30,INSTITUCION EDUCATIVA MARIA LUZ,IMUES,2020
8,INSTITUCION EDUCATIVA MERIZALDE PORVENIR,OLAYA HERRERA,2020
51,INSTITUCION EDUCATIVA MISAEL PASTRANA BORRERO,TANGUA,2020
7,INSTITUCION EDUCATIVA MONOPAMBA,PUERRES,2020
74,INSTITUCION EDUCATIVA MUNICIPIO DE FUNES,FUNES,2020
76,INSTITUCION EDUCATIVA MUNICIPIO DE MALLAMA,MALLAMA (PIEDRANCHA),2020
63,INSTITUCION EDUCATIVA NACIONAL SEMINARIO,IPIALES,2020
20,INSTITUCION EDUCATIVA NAZARET,IPIALES,2020
96,INSTITUCION EDUCATIVA NORMAL SUPERIOR DEL MAYO,LA CRUZ,2020
145,INSTITUCION EDUCATIVA NORMAL SUPERIOR LA INMACULADA,BARBACOAS,2020
54,INSTITUCION EDUCATIVA NORMAL SUPERIOR PIO XII,PUPIALES,2020
58,INSTITUCION EDUCATIVA NUESTRA SEAORA DE BELEN,BELEN,2020
58,INSTITUCION EDUCATIVA NUESTRA SEAORA DE FATIMA,SANDONA,2020
26,INSTITUCION EDUCATIVA NUESTRA SEAORA DE LAS LAJAS,ANCUYA,2020
33,INSTITUCION EDUCATIVA NUESTRA SEAORA DE LAS LAJAS,CHACHAGUI,2020
30,INSTITUCION EDUCATIVA NUESTRA SEAORA DE LAS LAJAS,IPIALES,2020
88,INSTITUCION EDUCATIVA NUESTRA SEAORA DE LAS NIEVES,GUAITARILLA,2020
62,INSTITUCION EDUCATIVA NUESTRA SEAORA DE LOURDES,POTOSI,2020
9,INSTITUCION EDUCATIVA NUESTRA SEAORA DEL CARMEN,EL ROSARIO,2020
36,INSTITUCION EDUCATIVA NUESTRA SEAORA DEL CARMEN,SAN LORENZO,2020
14,INSTITUCION EDUCATIVA NUESTRA SEAORA DEL CARMEN,TANGUA,2020
61,INSTITUCION EDUCATIVA NUESTRA SEAORA DEL PILAR,ALDANA,2020
28,INSTITUCION EDUCATIVA NUESTRA SEAORA DEL ROSARIO,COLON (GENOVA),2020
31,INSTITUCION EDUCATIVA NUESTRA SEAORA DEL ROSARIO,EL ROSARIO,2020
17,INSTITUCION EDUCATIVA NUESTRA SEAORA DELCARMEN,LA FLORIDA,2020
13,INSTITUCION EDUCATIVA NUESTRA SRA. DE FATIMA,CORDOBA,2020
45,INSTITUCION EDUCATIVA NUESTRO SEA¿OR DEL RIO DE CHILES,CUMBAL,2020
20,INSTITUCION EDUCATIVA OSPINA PEREZ,RICAURTE,2020
105,INSTITUCION EDUCATIVA PABLO VI,TAMINANGO,2020
19,INSTITUCION EDUCATIVA PEDRO DE ADRADA,TAMINANGO,2020
62,INSTITUCION EDUCATIVA PEDRO LEON TORRES,YACUANQUER,2020
44,INSTITUCION EDUCATIVA PEREZ PALLARES,IPIALES,2020
30,INSTITUCION EDUCATIVA POLICARPA BOCA DE TELEMBI,ROBERTO PAYAN (SAN JOSE),2020
136,INSTITUCION EDUCATIVA POLICARPA SALAVARRIETA,SAMANIEGO,2020
35,INSTITUCION EDUCATIVA POLITECNICA SANTA BARBARA,SANTA BARBARA (ISCUANDE),2020
30,INSTITUCION EDUCATIVA POLITECNICO JUAN BOLAAOS,ALBAN (SAN JOSE),2020
37,INSTITUCION EDUCATIVA POLITECNICO MARCELO MIRANDA,IPIALES,2020
47,INSTITUCION EDUCATIVA PROVIDENCIA,PROVIDENCIA,2020
30,INSTITUCION EDUCATIVA PUENES,IPIALES,2020
76,INSTITUCION EDUCATIVA RAFAEL URIBE URIBE,BUESACO,2020
101,INSTITUCION EDUCATIVA RICAURTE,RICAURTE,2020
48,INSTITUCION EDUCATIVA RIO TAPAJE,EL CHARCO,2020
15,INSTITUCION EDUCATIVA SAGRADO CORAZON DE JESUS,EL ROSARIO,2020
96,INSTITUCION EDUCATIVA SAGRADO CORAZON DE JESUS,EL TAMBO,2020
65,INSTITUCION EDUCATIVA SAGRADO CORAZON DE JESUS,SAN LORENZO,2020
19,INSTITUCION EDUCATIVA SAGRADO CORAZON DE JESUS,SANDONA,2020
16,INSTITUCION EDUCATIVA SAGRADOS CORAZONES DE JESUS Y MARIA,CHACHAGUI,2020
13,INSTITUCION EDUCATIVA SAN ALEJANDRO,GUAITARILLA,2020
13,INSTITUCION EDUCATIVA SAN ANTONIO DE PADUA,BUESACO,2020
6,INSTITUCION EDUCATIVA SAN ANTONIO DE PADUA,POTOSI,2020
40,INSTITUCION EDUCATIVA SAN BARTOLOME DE LA FLORIDA,LA FLORIDA,2020
97,INSTITUCION EDUCATIVA SAN BARTOLOME,CORDOBA,2020
14,INSTITUCION EDUCATIVA SAN FRANCISCO DE ASIS,ANCUYA,2020
38,INSTITUCION EDUCATIVA SAN FRANCISCO DE ASIS,EL PEAOL,2020
9,INSTITUCION EDUCATIVA SAN FRANCISCO DE ASIS,ILES,2020
53,INSTITUCION EDUCATIVA SAN FRANCISCO DE ASIS,IPIALES,2020
36,INSTITUCION EDUCATIVA SAN FRANCISCO DE ASIS,LINARES,2020
61,INSTITUCION EDUCATIVA SAN FRANCISCO DE ASIS,TUQUERRES,2020
59,INSTITUCION EDUCATIVA SAN GERARDO,LEIVA,2020
18,INSTITUCION EDUCATIVA SAN IGNACIO,BUESACO,2020
24,INSTITUCION EDUCATIVA SAN ISIDRO,OSPINA,2020
6,INSTITUCION EDUCATIVA SAN JOSE DE CHILLANQUER,GUACHUCAL,2020
11,INSTITUCION EDUCATIVA SAN JOSE DE MATITUY,LA FLORIDA,2020
54,INSTITUCION EDUCATIVA SAN JOSE DEL TELEMBI,ROBERTO PAYAN (SAN JOSE),2020
35,INSTITUCION EDUCATIVA SAN JOSE,GUALMATAN,2020
40,INSTITUCION EDUCATIVA SAN JUAN BAUTISTA,SANTACRUZ (GUACHAVES),2020
13,INSTITUCION EDUCATIVA SAN JUAN DE MAYASQUER,CUMBAL,2020
25,INSTITUCION EDUCATIVA SAN JUAN,IPIALES,2020
26,INSTITUCION EDUCATIVA SAN LORENZO DE YARAMAL,IPIALES,2020
114,INSTITUCION EDUCATIVA SAN LUIS GONZAGA,TUQUERRES,2020
6,INSTITUCION EDUCATIVA SAN MATEO,PUERRES,2020
57,INSTITUCION EDUCATIVA SAN PEDRO DE CARTAGO,SAN PEDRO DE CARTAGO,2020
53,INSTITUCION EDUCATIVA SAN PEDRO,CUMBITARA,2020
20,INSTITUCION EDUCATIVA SAN PEDRO,EL TAMBO,2020
46,INSTITUCION EDUCATIVA SAN SEBASTIAN DE YASCUAL,TUQUERRES,2020
34,INSTITUCION EDUCATIVA SANTA MARIA,BUESACO,2020
22,INSTITUCION EDUCATIVA SANTA MARTHA,SAN LORENZO,2020
14,INSTITUCION EDUCATIVA SANTA ROSA DE LIMA,BUESACO,2020
8,INSTITUCION EDUCATIVA SANTA ROSA DE LIMA,EL ROSARIO,2020
14,INSTITUCION EDUCATIVA SANTA TERESITA DE ALTAQUER,BARBACOAS,2020
15,INSTITUCION EDUCATIVA SANTANDER,CORDOBA,2020
19,INSTITUCION EDUCATIVA SANTANDER,LA UNION,2020
159,INSTITUCION EDUCATIVA SANTO TOMAS DE AQUINO,SANDONA,2020
51,INSTITUCION EDUCATIVA SEAOR DEL MAR,FRANCISCO PIZARRO,2020
17,INSTITUCION EDUCATIVA SEBASTIAN DE BELALCAZAR,SAPUYES,2020
137,INSTITUCION EDUCATIVA SIMON BOLIVAR,SAMANIEGO,2020
53,INSTITUCION EDUCATIVA SOFONIAS YACUP,LA TOLA,2020
175,INSTITUCION EDUCATIVA SUCRE,IPIALES,2020
57,INSTITUCION EDUCATIVA TACNICA AGROPECUARIA Y DE SISTEMAS SIMON ALVAREZ,SAMANIEGO,2020
10,INSTITUCION EDUCATIVA TACNICA COMERCIAL PANGAS,LOS ANDES (SOTOMAYOR),2020
12,INSTITUCION EDUCATIVA TACNICO AGROPECUARIA RODRIGO LARA BONILLA,LA LLANADA,2020
26,INSTITUCION EDUCATIVA TECNICA  NUESTRA SEAORA DE LOURDES,SANTACRUZ (GUACHAVES),2020
50,INSTITUCION EDUCATIVA TECNICA AGRICOLA JOSE MARIA HERNANDEZ,PUPIALES,2020
12,INSTITUCION EDUCATIVA TECNICA AGROECOLOGICA DEL RESGUARDO DE MALES,CORDOBA,2020
22,INSTITUCION EDUCATIVA TECNICA AGROPECUARIA EL EMPALME,IPIALES,2020
27,INSTITUCION EDUCATIVA TECNICA AGROPECUARIA INDIGENA CUMBE,CUMBAL,2020
18,INSTITUCION EDUCATIVA TECNICA AGROPECUARIA INDIGENA DEL RESGUARDO DE MALES.,CORDOBA,2020
13,INSTITUCION EDUCATIVA TECNICA AGROPECUARIA INDIGENA LIBARDO RAMIRO MUAOZ,GUACHUCAL,2020
21,INSTITUCION EDUCATIVA TECNICA AGROPECUARIA SALINAS,SAN LORENZO,2020
37,INSTITUCION EDUCATIVA TECNICA AGROPECUARIA SAN DIEGO,GUACHUCAL,2020
21,INSTITUCION EDUCATIVA TECNICA AGROPECUARIA SAN GERARDO,SAN LORENZO,2020
36,INSTITUCION EDUCATIVA TECNICA AGROPECUARIA SANTA CECILIA,SAN LORENZO,2020
38,INSTITUCION EDUCATIVA TECNICA COMERCIAL SAN JUAN BAUTISTA,EL CHARCO,2020
18,INSTITUCION EDUCATIVA TECNICA EL ESPINO,SAPUYES,2020
13,INSTITUCION EDUCATIVA TECNICA INDUSTRIAL SAN GERARDO,LA CRUZ,2020
17,INSTITUCION EDUCATIVA TECNICA MANUEL BRICEAO,SAN PABLO,2020
25,INSTITUCION EDUCATIVA TECNICA MARIA AUXILIADORA,GUAITARILLA,2020
27,INSTITUCION EDUCATIVA TECNICA PROMOCION SOCIAL,GUALMATAN,2020
46,INSTITUCION EDUCATIVA TECNICA SAN FRANCISCO DE ASIS,LA CRUZ,2020
15,INSTITUCION EDUCATIVA TECNICA SANTO TOMAS,GUALMATAN,2020
6,INSTITUCION EDUCATIVA TECNICO AGROECOLOGICO EL MOTILON,SAMANIEGO,2020
127,INSTITUCION EDUCATIVA TECNICO SAN JUAN BAUTISTA,LOS ANDES (SOTOMAYOR),2020
23,INSTITUCION EDUCATIVA TECNOLOGICA AGROAMBIENTAL INDIGENA AWA,BARBACOAS,2020
73,INSTITUCION EDUCATIVA TOMAS ARTURO SANCHEZ,IPIALES,2020
8,INSTITUCION EDUCATIVA VALPARAISO BAJO,SAN LORENZO,2020
19,INSTITUCION EDUCATIVA VILLAMORENO,BUESACO,2020
13,INSTITUCION EDUCATIVA YO REINARE,CUMBAL,2020
24,INSTITUCION EDUCATIVO  AGROPECUARIA INGA DE APONTE,EL TABLON,2020
21,INSTITUCION PARA JAVENES Y ADULTOS PAULO FREIRE,IPIALES,2020
15,INSTITUTO BET - EL,PASTO,2020
26,INSTITUTO DE EDUCACIAN TACNICA INESUR,POTOSI,2020
77,INSTITUTO DE EDUCACIAN TECNICA INESUR,IPIALES,2020
71,INSTITUTO EDUCATIVO ALBERTO QUIJANO VODNIZA,PASTO,2020
29,INSTITUTO GABRIEL GARCIA MARQUEZ,TUMACO,2020
19,INTEC&SISTEM INSTITUTO TECNICO DE EDUCACION Y SISTEMAS,BUESACO,2020
102,LIC INTEGD DE BTO UNIVERSIDAD DE NARIAO,PASTO,2020
43,LIC SANTA TERESITA DE PASTO,PASTO,2020
64,LICEO DE LA MERCED MARIDIAZ,PASTO,2020
161,LICEO JOSE FELIX JIMENEZ,PASTO,2020
