﻿n_estu,colegio_nombre,cole_mcpio_ubicacion,anio
28,BTO MODERNO DE ADULTOS EXTERNADO DEL SUR,PASTO,2023
5,CENTRO DE EDUCACION PARA ADULTOS ANTONIO RICAURTE,RICAURTE,2023
100,CENTRO EDUCATIVO BOLIVARIANO,PASTO,2023
16,CENTRO EDUCATIVO CECONPAZ,TAQUERRES,2023
16,CENTRO EDUCATIVO IVAN ILICH,IPIALES,2023
41,CENTRO PEDAGAGICO MARIA DE LA PAZ,PASTO,2023
12,COL BILINGUE DEL PACIFICO,SAN ANDRAS DE TUMACO,2023
51,COL COMFAMILIAR DE NARIAO SIGLO XXI,PASTO,2023
66,COL ESTUDIAR AULA SIN FRONTERAS,PASTO,2023
78,COL FILIPENSE NUESTRA SRA DE LA ESPERANZA,PASTO,2023
130,COL INSUCA,PASTO,2023
40,COL LA INMACULADA,PASTO,2023
26,COL MILITAR COLOMBIA,PASTO,2023
11,COL MUSICAL BRITANICO,PASTO,2023
38,COL NUESTRA SEAORA DE LAS LAJAS,PASTO,2023
56,COL NUESTRA SRA DEL CARMEN,PASTO,2023
8,COL PARA ADULTOS COMFAMILIAR DE NARIAO,PASTO,2023
10,COL RAFAEL POMBO,SAN ANDRAS DE TUMACO,2023
99,COL SAN FELIPE NERI,PASTO,2023
111,COL SAN FRANCISCO JAVIER,PASTO,2023
99,COLEGIO BACHILLERATO COLSUP,PASTO,2023
30,COLEGIO CHAMPAGNAT,IPIALES,2023
11,COLEGIO COLOMBO SUIZO,PASTO,2023
72,COLEGIO DEL SAGRADO CORAZON DE JESUS,PASTO,2023
36,COLEGIO FILIPENSE,IPIALES,2023
3,COLEGIO HUMANISTA COLOMBIANO DEWEY,BUESACO,2023
8,COLEGIO INMACULADA CONCEPCIAN DE  TUMACO,SAN ANDRAS DE TUMACO,2023
34,COLEGIO INMACULADA CONCEPCION,IPIALES,2023
120,COLEGIO INSECOL S.A.S.,IPIALES,2023
35,COLEGIO LOS AMIGOS DE LA CIENCIA S.A.S ZOMAC,SAN ANDRAS DE TUMACO,2023
17,COLEGIO MI PEQUEAO MUNDO GIMNASIO LOS ANDES,PASTO,2023
14,COLEGIO MUNDO DE PRAGA,PASTO,2023
33,COLEGIO NUEVO HORIZONTE,SAN ANDRAS DE TUMACO,2023
48,COLEGIO PARA ADULTOS EDUCAR,IPIALES,2023
21,COLEGIO PRIVADO AURELIO ARTURO,LA UNIAN,2023
18,COLEGIO SAN FELIPE NERI,IPIALES,2023
11,COLEGIO TECNICO MILITAR ALMIRANTE TONO TUMACO SAS,SAN ANDRAS DE TUMACO,2023
92,I. E. CIUDADELA EDUCATIVA TUMAC,SAN ANDRAS DE TUMACO,2023
86,I. E. ROBERTO MARIO BISCHOFF,SAN ANDRAS DE TUMACO,2023
20,I. E. TECNICA PEAA COLORADA,SAN ANDRAS DE TUMACO,2023
17,I.E. BILINGAE AWA TECNICO AGROINDUSTRIAL PIANULPI,SAN ANDRAS DE TUMACO,2023
19,I.E. CHAJAL,SAN ANDRAS DE TUMACO,2023
34,I.E. FRANCISCO JOSE DE CALDAS,SAN ANDRAS DE TUMACO,2023
7,I.E. INDAGENA AGROAMBIENTAL MAYKER,CUMBAL,2023
11,I.E. LA ENSENADA,SAN ANDRAS DE TUMACO,2023
109,I.E. LLORENTE,SAN ANDRAS DE TUMACO,2023
17,I.E. MICROEMPRESARIAL LOS ANDES,IPIALES,2023
35,I.E. SANTANDER,TAQUERRES,2023
15,I.E. SIMAN BOLAVAR,PASTO,2023
24,I.E.M. AGUSTIN AGUALONGO,PASTO,2023
45,I.E.M. ANTONIO NARIAO,PASTO,2023
127,I.E.M. ARTEMIO MENDOZA CARVAJAL,PASTO,2023
28,I.E.M. AURELIO ARTURO MARTINEZ,PASTO,2023
28,I.E.M. CABRERA,PASTO,2023
50,I.E.M. CENT DE INTEGRACION POPULAR,PASTO,2023
52,I.E.M. CHAMBU,PASTO,2023
339,I.E.M. CIUDAD DE PASTO,PASTO,2023
46,I.E.M. CIUDADELA DE PAZ,PASTO,2023
181,I.E.M. CIUDADELA EDUCATIVA DE PASTO,PASTO,2023
62,I.E.M. CRISTO REY,PASTO,2023
19,I.E.M. EDUARDO ROMO ROSERO,PASTO,2023
54,I.E.M. EL SOCORRO,PASTO,2023
43,I.E.M. FRANCISCO DE LA VILLOTA,PASTO,2023
31,I.E.M. FRANCISCO JOSE DE CALDAS,PASTO,2023
11,I.E.M. GUALMATAN,PASTO,2023
76,I.E.M. HERALDO ROMERO SANCHEZ,PASTO,2023
54,I.E.M. JOSE ANTONIO GALAN,PASTO,2023
41,I.E.M. LA ROSA,PASTO,2023
215,I.E.M. LIBERTAD,PASTO,2023
93,I.E.M. LICEO CENTRAL DE NARIAO,PASTO,2023
339,I.E.M. LUIS DELFIN INSUASTY RODRIGUEZ,PASTO,2023
118,I.E.M. LUIS EDUARDO MORA OSEJO,PASTO,2023
40,I.E.M. MARCO FIDEL SUAREZ,PASTO,2023
232,I.E.M. MARIA GORETTI,PASTO,2023
52,I.E.M. MERCEDARIO,PASTO,2023
14,I.E.M. MORASURCO,PASTO,2023
220,I.E.M. NORMAL SUPERIOR DE PASTO,PASTO,2023
46,I.E.M. NUESTRA SEAORA DE GUADALUPE,PASTO,2023
15,I.E.M. NUESTRA SEAORA DE LA VISITACION,PASTO,2023
28,I.E.M. OBONUCO,PASTO,2023
22,I.E.M. PEDAGOGICO,PASTO,2023
64,I.E.M. SAN JOSE BETHLEMITAS,PASTO,2023
98,I.E.M. SAN JUAN BOSCO,PASTO,2023
62,I.E.M. SANTA BARBARA,PASTO,2023
86,I.E.M. SANTA TERESITA,PASTO,2023
191,I.E.M. TECNICO INDUSTRIAL,PASTO,2023
8,I.E.T. AGROP-AMBIENTAL BILINGUE INDA ZABALETA,SAN ANDRAS DE TUMACO,2023
142,IE .INST. TEC. POPULAR DE LA COSTA,SAN ANDRAS DE TUMACO,2023
8,IE ALTO MIRA FRONTERA,SAN ANDRAS DE TUMACO,2023
53,IE. AGROINDUSTRIAL SAN LUIS ROBLES,SAN ANDRAS DE TUMACO,2023
99,IE. CIUDADELA MIXTA COLOMBIA,SAN ANDRAS DE TUMACO,2023
12,IE. DOS QUEBRADAS,SAN ANDRAS DE TUMACO,2023
53,IE. FAUSTINO ARIAS REINEL,SAN ANDRAS DE TUMACO,2023
95,IE. GENERAL SANTANDER,SAN ANDRAS DE TUMACO,2023
98,IE. IBERIA,SAN ANDRAS DE TUMACO,2023
94,IE. IMBILI CARRETERA,SAN ANDRAS DE TUMACO,2023
58,IE. INMACULADA CONCEPCION,SAN ANDRAS DE TUMACO,2023
75,IE. INST. TEC. AGROPECUARIO DE CANDELILLAS CARRETERA,SAN ANDRAS DE TUMACO,2023
82,IE. INST. TEC. INDUSTRIAL NAL.,SAN ANDRAS DE TUMACO,2023
46,IE. INTEGRADA DE CHILVI,SAN ANDRAS DE TUMACO,2023
78,IE. LICEO NACIONAL MAX SEIDEL,SAN ANDRAS DE TUMACO,2023
4,IE. MANUEL BENITEZ DUCLERG,SAN ANDRAS DE TUMACO,2023
19,IE. MANUEL ELKIN PATARROLLO,SAN ANDRAS DE TUMACO,2023
156,IE. MISIONAL SANTA TERESITA,SAN ANDRAS DE TUMACO,2023
134,IE. NUESTRA SEAORA DE FATIMA,SAN ANDRAS DE TUMACO,2023
11,IE. NUESTRA SEAORA DE LAS LAJAS,SAN ANDRAS DE TUMACO,2023
34,IE. NUESTRA SEA¿ORA DEL CARMEN DE ESPRIELLA,SAN ANDRAS DE TUMACO,2023
61,IE. NUEVA FLORIDA,SAN ANDRAS DE TUMACO,2023
51,IE. SAN JOSE DE CAUNAPI,SAN ANDRAS DE TUMACO,2023
7,IE. SAN JUAN EVANGELISTA,SAN ANDRAS DE TUMACO,2023
139,IE. SANTA TERESITA,SAN ANDRAS DE TUMACO,2023
61,IE. TACNICO AGROPECUARIO TANGAREAL CARRETERA,SAN ANDRAS DE TUMACO,2023
133,INST CHAMPAGNAT,PASTO,2023
10,INST EDUC LUISEG,PASTO,2023
62,INST JORGE ELIECER GAITAN,PASTO,2023
59,INST SAN FRANCISCO DE ASIS,PASTO,2023
17,INST. VIGOTSKY,SAN ANDRAS DE TUMACO,2023
14,INSTITUCIAN EDUCATIVA AGROAMBIENTAL PUSPUED,MALLAMA,2023
8,INSTITUCIAN EDUCATIVA AGROECOLAGICO LA PLAYA,FRANCISCO PIZARRO,2023
11,INSTITUCIAN EDUCATIVA AGROINDUSTRIAL LA VICTORIA CON ANFASIS EN LA PRODUCCIAN DE CAFAS ESPECIALES,EL TABLAN DE GAMEZ,2023
14,INSTITUCIAN EDUCATIVA BILINGAE AGROINDUSTRIAL SINDAGUA - I.E.B.A.S,RICAURTE,2023
6,INSTITUCIAN EDUCATIVA CHAPIURCO,ALBAN,2023
23,INSTITUCIAN EDUCATIVA CURIACO,TAMINANGO,2023
6,INSTITUCIAN EDUCATIVA FATIMA,EL TABLAN DE GAMEZ,2023
7,INSTITUCIAN EDUCATIVA GUAPUSCAL ALTO,FUNES,2023
15,INSTITUCIAN EDUCATIVA LA ESTANCIA,SAN PEDRO DE CARTAGO,2023
58,INSTITUCIAN EDUCATIVA NUESTRA SEAORA DE LAS MERCEDES,EL TABLAN DE GAMEZ,2023
42,INSTITUCIAN EDUCATIVA NUESTRA SEAORA DEL CARMEN,EL CHARCO,2023
26,INSTITUCIAN EDUCATIVA PALO VERDE,LA UNIAN,2023
12,INSTITUCIAN EDUCATIVA PIZANDA,CUMBITARA,2023
10,INSTITUCIAN EDUCATIVA POMPEYA,EL TABLAN DE GAMEZ,2023
14,INSTITUCIAN EDUCATIVA RESTREPO,POLICARPA,2023
17,INSTITUCIAN EDUCATIVA SAN PABLO DE LA MAR,LA TOLA,2023
7,INSTITUCIAN EDUCATIVA SANTA CRUZ,POLICARPA,2023
8,INSTITUCIAN EDUCATIVA SIDON,CUMBITARA,2023
66,INSTITUCIAN POLITACNICO GRAN COLOMBIA,LA UNIAN,2023
20,INSTITUCION  AGROPECUARIA COMUNIDAD  INDIGENA  INKAI -AWA,RICAURTE,2023
52,INSTITUCION  EDUCATIVA  LAS MESAS  INSEM,EL TABLAN DE GAMEZ,2023
19,INSTITUCION  EDUCATIVA EL HORMIGUERO,EL CHARCO,2023
65,INSTITUCION  EDUCATIVA NORMAL SUPERIOR SAGRADO CORAZON DE JESUS,SAN PABLO,2023
35,INSTITUCION  EDUCATIVA ROSAFLORIDA,ARBOLEDA,2023
26,INSTITUCION EDUCATIVA  AGROPECUARIA MIGUEL ANGEL RANGEL,LA CRUZ,2023
23,INSTITUCION EDUCATIVA  AGROPECUARIA SANTA ANA,IMUAS,2023
13,INSTITUCION EDUCATIVA  AGROPECUARIA SIMON BOLIVAR,SANDONA,2023
64,INSTITUCION EDUCATIVA  ANTONIO NARIAO,SAN PABLO,2023
16,INSTITUCION EDUCATIVA  EL MANZANO,TAMINANGO,2023
30,INSTITUCION EDUCATIVA  EL TABLON,TAMINANGO,2023
14,INSTITUCION EDUCATIVA  JESUS DE PRAGA,SANDONA,2023
55,INSTITUCION EDUCATIVA  MICROEMPRESARIAL DE CABUYALES,LA CRUZ,2023
48,INSTITUCION EDUCATIVA  MUNICIPAL EL ENCANO,PASTO,2023
43,INSTITUCION EDUCATIVA  POLICARPA,POLICARPA,2023
10,INSTITUCION EDUCATIVA AGRICOLA DE LA SABANA,TAQUERRES,2023
18,INSTITUCION EDUCATIVA AGROAMBIENTAL SANTA ROSA,BELAN,2023
13,INSTITUCION EDUCATIVA AGROECOLOGICA SAGRADO CORAZON DE JESUS,CUMBAL,2023
30,INSTITUCION EDUCATIVA AGROINDUSTRIAL LOS PASTOS,IPIALES,2023
9,INSTITUCION EDUCATIVA AGROPECUARIA ALTAMIRA,POLICARPA,2023
26,INSTITUCION EDUCATIVA AGROPECUARIA BOMBONA,CONSACA,2023
10,INSTITUCION EDUCATIVA AGROPECUARIA CUATRO ESQUINAS,TAQUERRES,2023
8,INSTITUCION EDUCATIVA AGROPECUARIA EL EJIDO,POLICARPA,2023
41,INSTITUCION EDUCATIVA AGROPECUARIA EL REMOLINO,TAMINANGO,2023
14,INSTITUCION EDUCATIVA AGROPECUARIA INDAGENA SEBASTIAN GARCIA CARLOSAMA,CUASPAD,2023
42,INSTITUCION EDUCATIVA AGROPECUARIA INDIGENA DE PANAN,CUMBAL,2023
10,INSTITUCION EDUCATIVA AGROPECUARIA LA ESPERANZA,BELAN,2023
14,INSTITUCION EDUCATIVA AGROPECUARIA LA FLORESTA,SAPUYES,2023
31,INSTITUCION EDUCATIVA AGROPECUARIA LA VEGA,SAN BERNARDO,2023
16,INSTITUCION EDUCATIVA AGROPECUARIA LUIS ANTONIO MONTERO,POTOSA,2023
13,INSTITUCION EDUCATIVA AGROPECUARIA MARISCAL SUCRE,FUNES,2023
15,INSTITUCION EDUCATIVA AGROPECUARIA POLACHAYAN,TAQUERRES,2023
16,INSTITUCION EDUCATIVA AGROPECUARIA SAN CARLOS,COLAN,2023
26,INSTITUCION EDUCATIVA AGROPECUARIA SAN JUAN BAUTISTA DE LA SALLE,MALLAMA,2023
10,INSTITUCION EDUCATIVA AGROPECUARIA SAN MARTIN DE PORRES,SAMANIEGO,2023
26,INSTITUCION EDUCATIVA AGROPECUARIA VERACRUZ,BUESACO,2023
5,INSTITUCION EDUCATIVA AGROPECUARIA Y AMBIENTAL ARCA DE NOE,LA TOLA,2023
13,INSTITUCION EDUCATIVA AGROPECUARIO DEL RIO SANQUIANGA,OLAYA HERRERA,2023
14,INSTITUCION EDUCATIVA AGROPECUARIO LA PLANADA,LOS ANDES,2023
14,INSTITUCION EDUCATIVA AGROPECUARIO SANTA ROSA,CUMBITARA,2023
15,INSTITUCION EDUCATIVA ALBERTO QUIJANO GUERRERO,TANGUA,2023
14,INSTITUCION EDUCATIVA ALFONSO LOPEZ,IPIALES,2023
30,INSTITUCION EDUCATIVA ANDES DE CUICAL,CUMBAL,2023
15,INSTITUCION EDUCATIVA BAJO SINAI,POTOSA,2023
20,INSTITUCION EDUCATIVA BUENAVISTA,BARBACOAS,2023
63,INSTITUCION EDUCATIVA CAMILO TORRES,CUASPAD,2023
54,INSTITUCION EDUCATIVA CARLOS ALBORNOZ ROSAS,ANCUYA,2023
82,INSTITUCION EDUCATIVA CHACHAGUI,CHACHAGAA,2023
25,INSTITUCION EDUCATIVA CHAPACUAL,YACUANQUER,2023
213,INSTITUCION EDUCATIVA CIUDAD DE IPIALES,IPIALES,2023
52,INSTITUCION EDUCATIVA COLEGIO DEPTAL SAN CARLOS,CONTADERO,2023
78,INSTITUCION EDUCATIVA COLEGIO JOSE ANTONIO GALAN,ILES,2023
6,INSTITUCION EDUCATIVA COLEGIO MUNICIPAL DE OLAYA,TAQUERRES,2023
81,INSTITUCION EDUCATIVA COMERCIAL LITORAL PACIFICO,OLAYA HERRERA,2023
43,INSTITUCION EDUCATIVA COMERCIAL SAN LUIS,ALDANA,2023
50,INSTITUCION EDUCATIVA CONCENTRACION DE DESARROLLO RURAL,YACUANQUER,2023
10,INSTITUCION EDUCATIVA CUNCHILA,OSPINA,2023
52,INSTITUCION EDUCATIVA DE BACHILLERATO,LA CRUZ,2023
16,INSTITUCION EDUCATIVA DE BAZAN,EL CHARCO,2023
46,INSTITUCION EDUCATIVA DE COMERCIO,PUPIALES,2023
48,INSTITUCION EDUCATIVA DE DESARROLLO RURAL DE BERRUECOS,ARBOLEDA,2023
9,INSTITUCION EDUCATIVA DE DESARROLLO RURAL,CONSACA,2023
72,INSTITUCION EDUCATIVA DE DESARROLLO RURAL,LA UNIAN,2023
17,INSTITUCION EDUCATIVA DEL NORTE MUNICIPIO DE ILES,ILES,2023
102,INSTITUCION EDUCATIVA DEL SUR - INESUR,PASTO,2023
39,INSTITUCION EDUCATIVA DEL SUR,IPIALES,2023
52,INSTITUCION EDUCATIVA DEPARTAMENTAL LOS HEROES,PUPIALES,2023
51,INSTITUCION EDUCATIVA DEPTAL JUAN PABLO I,LA LLANADA,2023
59,INSTITUCION EDUCATIVA DIEGO LUIS CORDOBA,LINARES,2023
74,INSTITUCION EDUCATIVA DIVINO NIAO JESUS,CUMBAL,2023
14,INSTITUCION EDUCATIVA DIVINO NIA¿O GENOVA,COLAN,2023
17,INSTITUCION EDUCATIVA ECOLOGICA LA COCHA,ARBOLEDA,2023
21,INSTITUCION EDUCATIVA EL CANAL NOCTURNO MARIANO OSPINA PEREZ,EL CHARCO,2023
18,INSTITUCION EDUCATIVA EL DIVISO,BARBACOAS,2023
15,INSTITUCION EDUCATIVA EL PALMAR,LEIVA,2023
22,INSTITUCION EDUCATIVA EL PARAMO,TAMINANGO,2023
8,INSTITUCION EDUCATIVA EL PLACER,IPIALES,2023
75,INSTITUCION EDUCATIVA ELISEO PAYAN,MAGAA,2023
82,INSTITUCION EDUCATIVA ESCUELA NORMAL SUPERIOR SAN CARLOS,LA UNIAN,2023
49,INSTITUCION EDUCATIVA FRANCISCO DE PAULA SANTANDER,OSPINA,2023
50,INSTITUCION EDUCATIVA GABRIEL GARCIA MARQUEZ,IPIALES,2023
159,INSTITUCION EDUCATIVA GENARO LEON,GUACHUCAL,2023
2,INSTITUCION EDUCATIVA GUSTIN SANTACRUZ,LA FLORIDA,2023
17,INSTITUCION EDUCATIVA INDIGENA SANTA TERESITA DE MUESES,POTOSA,2023
11,INSTITUCION EDUCATIVA INMACULADA CONCEPCION DE TALLAMBI,CUMBAL,2023
48,INSTITUCION EDUCATIVA INSTITUTO TECNICO GIRARDOT,TAQUERRES,2023
97,INSTITUCION EDUCATIVA INSTITUTO TERESIANO,TAQUERRES,2023
125,INSTITUCION EDUCATIVA JESUS DE NAZARETH,IPIALES,2023
42,INSTITUCION EDUCATIVA JESUS DEL GRAN PODER,IMUAS,2023
66,INSTITUCION EDUCATIVA JESUS NAZARENO,EL TAMBO,2023
44,INSTITUCION EDUCATIVA JORGE ELIECER GAITAN,EL PEAOL,2023
69,INSTITUCION EDUCATIVA JOSE ANTONIO GALAN,SAN BERNARDO,2023
146,INSTITUCION EDUCATIVA JOSE ANTONIO LLORENTE,CUMBAL,2023
7,INSTITUCION EDUCATIVA JOSE MARIA NAVARRETE,TANGUA,2023
83,INSTITUCION EDUCATIVA JUAN IGNACIO ORTIZ,ALBAN,2023
53,INSTITUCION EDUCATIVA JUAN PABLO II,NARIAO,2023
81,INSTITUCION EDUCATIVA JUAN XXIII,PUERRES,2023
144,INSTITUCION EDUCATIVA JUANAMBU,LA UNIAN,2023
34,INSTITUCION EDUCATIVA JUBANGUANA,BUESACO,2023
7,INSTITUCION EDUCATIVA LA HUMILDAD,BARBACOAS,2023
16,INSTITUCION EDUCATIVA LA INMACULADA DE ROBLES,LA FLORIDA,2023
58,INSTITUCION EDUCATIVA LA INMACULADA,OLAYA HERRERA,2023
9,INSTITUCION EDUCATIVA LA PAZ,LOS ANDES,2023
29,INSTITUCION EDUCATIVA LA VICTORIA,IPIALES,2023
5,INSTITUCION EDUCATIVA LAS DELICIAS,CONTADERO,2023
17,INSTITUCION EDUCATIVA LAS DELICIAS,LEIVA,2023
15,INSTITUCION EDUCATIVA LAS LAJAS,IPIALES,2023
23,INSTITUCION EDUCATIVA LAS MARIAS,OLAYA HERRERA,2023
27,INSTITUCION EDUCATIVA LEOPOLDO LOPEZ ALVAREZ,COLAN,2023
50,INSTITUCION EDUCATIVA LICEO DEL PACIFICO,MOSQUERA,2023
48,INSTITUCION EDUCATIVA LICEO SAN ANDRES DE TUMACO,SAN ANDRAS DE TUMACO,2023
21,INSTITUCION EDUCATIVA LOS ARRAYANES,CARDOBA,2023
98,INSTITUCION EDUCATIVA LOS LIBERTADORES,CONSACA,2023
20,INSTITUCION EDUCATIVA LUIS CARLOS GALAN,LINARES,2023
26,INSTITUCION EDUCATIVA LUIS IRIZAR SALAZAR,BARBACOAS,2023
24,INSTITUCION EDUCATIVA MADRIGAL SAN FRANCISCO DE ASIS,POLICARPA,2023
15,INSTITUCION EDUCATIVA MARIA LUZ,IMUAS,2023
60,INSTITUCION EDUCATIVA MISAEL PASTRANA BORRERO,TANGUA,2023
7,INSTITUCION EDUCATIVA MONOPAMBA,PUERRES,2023
53,INSTITUCION EDUCATIVA MUNICIPIO DE FUNES,FUNES,2023
79,INSTITUCION EDUCATIVA MUNICIPIO DE MALLAMA,MALLAMA,2023
70,INSTITUCION EDUCATIVA NACIONAL SEMINARIO,IPIALES,2023
28,INSTITUCION EDUCATIVA NAZARET,IPIALES,2023
76,INSTITUCION EDUCATIVA NORMAL SUPERIOR DEL MAYO,LA CRUZ,2023
106,INSTITUCION EDUCATIVA NORMAL SUPERIOR LA INMACULADA,BARBACOAS,2023
70,INSTITUCION EDUCATIVA NORMAL SUPERIOR PIO XII,PUPIALES,2023
35,INSTITUCION EDUCATIVA NUESTRA SEAORA DE BELEN,BELAN,2023
43,INSTITUCION EDUCATIVA NUESTRA SEAORA DE FATIMA,SANDONA,2023
21,INSTITUCION EDUCATIVA NUESTRA SEAORA DE LAS LAJAS,ANCUYA,2023
48,INSTITUCION EDUCATIVA NUESTRA SEAORA DE LAS LAJAS,CHACHAGAA,2023
57,INSTITUCION EDUCATIVA NUESTRA SEAORA DE LAS LAJAS,IPIALES,2023
87,INSTITUCION EDUCATIVA NUESTRA SEAORA DE LAS NIEVES,GUAITARILLA,2023
49,INSTITUCION EDUCATIVA NUESTRA SEAORA DE LOURDES,POTOSA,2023
15,INSTITUCION EDUCATIVA NUESTRA SEAORA DEL CARMEN,EL ROSARIO,2023
54,INSTITUCION EDUCATIVA NUESTRA SEAORA DEL CARMEN,SAN LORENZO,2023
17,INSTITUCION EDUCATIVA NUESTRA SEAORA DEL CARMEN,TANGUA,2023
56,INSTITUCION EDUCATIVA NUESTRA SEAORA DEL PILAR,ALDANA,2023
27,INSTITUCION EDUCATIVA NUESTRA SEAORA DEL ROSARIO,COLAN,2023
33,INSTITUCION EDUCATIVA NUESTRA SEAORA DEL ROSARIO,EL ROSARIO,2023
18,INSTITUCION EDUCATIVA NUESTRA SEAORA DELCARMEN,LA FLORIDA,2023
6,INSTITUCION EDUCATIVA NUESTRA SRA. DE FATIMA,CARDOBA,2023
65,INSTITUCION EDUCATIVA NUESTRO SEA¿OR DEL RIO DE CHILES,CUMBAL,2023
27,INSTITUCION EDUCATIVA OSPINA PEREZ,RICAURTE,2023
106,INSTITUCION EDUCATIVA PABLO VI,TAMINANGO,2023
22,INSTITUCION EDUCATIVA PEDRO DE ADRADA,TAMINANGO,2023
73,INSTITUCION EDUCATIVA PEDRO LEON TORRES,YACUANQUER,2023
73,INSTITUCION EDUCATIVA PEREZ PALLARES,IPIALES,2023
31,INSTITUCION EDUCATIVA POLICARPA BOCA DE TELEMBI,ROBERTO PAYAN,2023
141,INSTITUCION EDUCATIVA POLICARPA SALAVARRIETA,SAMANIEGO,2023
36,INSTITUCION EDUCATIVA POLITECNICA SANTA BARBARA,SANTA BARBARA,2023
26,INSTITUCION EDUCATIVA POLITECNICO JUAN BOLAAOS,ALBAN,2023
52,INSTITUCION EDUCATIVA POLITECNICO MARCELO MIRANDA,IPIALES,2023
68,INSTITUCION EDUCATIVA PROVIDENCIA,PROVIDENCIA,2023
15,INSTITUCION EDUCATIVA PUENES,IPIALES,2023
47,INSTITUCION EDUCATIVA RAFAEL URIBE URIBE,BUESACO,2023
94,INSTITUCION EDUCATIVA RICAURTE,RICAURTE,2023
43,INSTITUCION EDUCATIVA RIO TAPAJE,EL CHARCO,2023
15,INSTITUCION EDUCATIVA SAGRADO CORAZON DE JESUS,EL ROSARIO,2023
64,INSTITUCION EDUCATIVA SAGRADO CORAZON DE JESUS,EL TAMBO,2023
89,INSTITUCION EDUCATIVA SAGRADO CORAZON DE JESUS,SAN LORENZO,2023
9,INSTITUCION EDUCATIVA SAGRADO CORAZON DE JESUS,SANDONA,2023
12,INSTITUCION EDUCATIVA SAGRADOS CORAZONES DE JESUS Y MARIA,CHACHAGAA,2023
9,INSTITUCION EDUCATIVA SAN ALEJANDRO,GUAITARILLA,2023
8,INSTITUCION EDUCATIVA SAN ANTONIO DE PADUA,BUESACO,2023
15,INSTITUCION EDUCATIVA SAN ANTONIO DE PADUA,POTOSA,2023
36,INSTITUCION EDUCATIVA SAN BARTOLOME DE LA FLORIDA,LA FLORIDA,2023
77,INSTITUCION EDUCATIVA SAN BARTOLOME,CARDOBA,2023
22,INSTITUCION EDUCATIVA SAN FRANCISCO DE ASIS,ANCUYA,2023
37,INSTITUCION EDUCATIVA SAN FRANCISCO DE ASIS,EL PEAOL,2023
13,INSTITUCION EDUCATIVA SAN FRANCISCO DE ASIS,ILES,2023
44,INSTITUCION EDUCATIVA SAN FRANCISCO DE ASIS,IPIALES,2023
22,INSTITUCION EDUCATIVA SAN FRANCISCO DE ASIS,LINARES,2023
145,INSTITUCION EDUCATIVA SAN FRANCISCO DE ASIS,TAQUERRES,2023
88,INSTITUCION EDUCATIVA SAN GERARDO,LEIVA,2023
4,INSTITUCION EDUCATIVA SAN IGNACIO,BUESACO,2023
14,INSTITUCION EDUCATIVA SAN ISIDRO,OSPINA,2023
9,INSTITUCION EDUCATIVA SAN JOSE CALABAZAL,OLAYA HERRERA,2023
4,INSTITUCION EDUCATIVA SAN JOSE DE CHILLANQUER,GUACHUCAL,2023
21,INSTITUCION EDUCATIVA SAN JOSE DE MATITUY,LA FLORIDA,2023
29,INSTITUCION EDUCATIVA SAN JOSE DEL TAPAJE,EL CHARCO,2023
65,INSTITUCION EDUCATIVA SAN JOSE DEL TELEMBI,ROBERTO PAYAN,2023
49,INSTITUCION EDUCATIVA SAN JOSE,GUALMATAN,2023
51,INSTITUCION EDUCATIVA SAN JUAN BAUTISTA,SANTACRUZ,2023
12,INSTITUCION EDUCATIVA SAN JUAN DE MAYASQUER,CUMBAL,2023
42,INSTITUCION EDUCATIVA SAN JUAN,IPIALES,2023
13,INSTITUCION EDUCATIVA SAN LORENZO DE YARAMAL,IPIALES,2023
93,INSTITUCION EDUCATIVA SAN LUIS GONZAGA,TAQUERRES,2023
14,INSTITUCION EDUCATIVA SAN MATEO,PUERRES,2023
51,INSTITUCION EDUCATIVA SAN PEDRO DE CARTAGO,SAN PEDRO DE CARTAGO,2023
78,INSTITUCION EDUCATIVA SAN PEDRO,CUMBITARA,2023
18,INSTITUCION EDUCATIVA SAN PEDRO,EL TAMBO,2023
56,INSTITUCION EDUCATIVA SAN SEBASTIAN DE YASCUAL,TAQUERRES,2023
19,INSTITUCION EDUCATIVA SANTA MARIA,BUESACO,2023
21,INSTITUCION EDUCATIVA SANTA MARTHA,SAN LORENZO,2023
11,INSTITUCION EDUCATIVA SANTA ROSA DE LIMA,BUESACO,2023
11,INSTITUCION EDUCATIVA SANTA ROSA DE LIMA,EL ROSARIO,2023
15,INSTITUCION EDUCATIVA SANTA TERESITA DE ALTAQUER,BARBACOAS,2023
27,INSTITUCION EDUCATIVA SANTANDER,CARDOBA,2023
7,INSTITUCION EDUCATIVA SANTANDER,LA UNIAN,2023
111,INSTITUCION EDUCATIVA SANTO TOMAS DE AQUINO,SANDONA,2023
75,INSTITUCION EDUCATIVA SEAOR DEL MAR,FRANCISCO PIZARRO,2023
34,INSTITUCION EDUCATIVA SEBASTIAN DE BELALCAZAR,SAPUYES,2023
167,INSTITUCION EDUCATIVA SIMON BOLIVAR,SAMANIEGO,2023
60,INSTITUCION EDUCATIVA SOFONIAS YACUP,LA TOLA,2023
205,INSTITUCION EDUCATIVA SUCRE,IPIALES,2023
17,INSTITUCION EDUCATIVA TACNICA AGROPECUARIA Y DE SISTEMAS SIMON ALVAREZ,SAMANIEGO,2023
6,INSTITUCION EDUCATIVA TACNICA COMERCIAL PANGAS,LOS ANDES,2023
16,INSTITUCION EDUCATIVA TACNICO AGROPECUARIA RODRIGO LARA BONILLA,LA LLANADA,2023
23,INSTITUCION EDUCATIVA TECNICA  NUESTRA SEAORA DE LOURDES,SANTACRUZ,2023
28,INSTITUCION EDUCATIVA TECNICA AGRICOLA JOSE MARIA HERNANDEZ,PUPIALES,2023
12,INSTITUCION EDUCATIVA TECNICA AGROECOLOGICA DEL RESGUARDO DE MALES,CARDOBA,2023
24,INSTITUCION EDUCATIVA TECNICA AGROPECUARIA EL EMPALME,IPIALES,2023
20,INSTITUCION EDUCATIVA TECNICA AGROPECUARIA INDIGENA CUMBE,CUMBAL,2023
17,INSTITUCION EDUCATIVA TECNICA AGROPECUARIA INDIGENA DEL RESGUARDO DE MALES.,CARDOBA,2023
15,INSTITUCION EDUCATIVA TECNICA AGROPECUARIA INDIGENA LIBARDO RAMIRO MUAOZ,GUACHUCAL,2023
11,INSTITUCION EDUCATIVA TECNICA AGROPECUARIA SALINAS,SAN LORENZO,2023
29,INSTITUCION EDUCATIVA TECNICA AGROPECUARIA SAN DIEGO,GUACHUCAL,2023
23,INSTITUCION EDUCATIVA TECNICA AGROPECUARIA SAN GERARDO,SAN LORENZO,2023
24,INSTITUCION EDUCATIVA TECNICA AGROPECUARIA SANTA CECILIA,SAN LORENZO,2023
42,INSTITUCION EDUCATIVA TECNICA COMERCIAL SAN JUAN BAUTISTA,EL CHARCO,2023
20,INSTITUCION EDUCATIVA TECNICA EL ESPINO,SAPUYES,2023
10,INSTITUCION EDUCATIVA TECNICA INDUSTRIAL SAN GERARDO,LA CRUZ,2023
16,INSTITUCION EDUCATIVA TECNICA MANUEL BRICEAO,SAN PABLO,2023
24,INSTITUCION EDUCATIVA TECNICA MARIA AUXILIADORA,GUAITARILLA,2023
24,INSTITUCION EDUCATIVA TECNICA PROMOCION SOCIAL,GUALMATAN,2023
48,INSTITUCION EDUCATIVA TECNICA SAN FRANCISCO DE ASIS,LA CRUZ,2023
5,INSTITUCION EDUCATIVA TECNICA SANTO TOMAS,GUALMATAN,2023
6,INSTITUCION EDUCATIVA TECNICO AGROECOLOGICO EL MOTILON,SAMANIEGO,2023
92,INSTITUCION EDUCATIVA TECNICO SAN JUAN BAUTISTA,LOS ANDES,2023
37,INSTITUCION EDUCATIVA TECNOLOGICA AGROAMBIENTAL INDIGENA AWA,BARBACOAS,2023
84,INSTITUCION EDUCATIVA TOMAS ARTURO SANCHEZ,IPIALES,2023
15,INSTITUCION EDUCATIVA VALPARAISO BAJO,SAN LORENZO,2023
16,INSTITUCION EDUCATIVA VILLAMORENO,BUESACO,2023
18,INSTITUCION EDUCATIVA YO REINARE,CUMBAL,2023
35,INSTITUCION EDUCATIVO  AGROPECUARIA INGA DE APONTE,EL TABLAN DE GAMEZ,2023
77,INSTITUCION PARA JAVENES Y ADULTOS PAULO FREIRE,IPIALES,2023
15,INSTITUTO BET - EL,PASTO,2023
8,INSTITUTO CORPORACIAN POLITACNICA DE NARIAO,IPIALES,2023
74,INSTITUTO DE EDUCACIAN TACNICA INESUR,POTOSA,2023
11,INSTITUTO DE EDUCACIAN TACNICA PARA EL DESARROLLO INCATD,CARDOBA,2023
54,INSTITUTO DE EDUCACIAN TACNICA PARA EL DESARROLLO INCATD,PUPIALES,2023
125,INSTITUTO DE EDUCACIAN TECNICA INESUR,IPIALES,2023
13,INSTITUTO DE EDUCACION TECNICA AVANCEMOS,IPIALES,2023
46,INSTITUTO DE EDUCACION TECNICA PARA EL DESARROLLO INCATD,IPIALES,2023
2,INSTITUTO DE ESTUDIOS HUMANISTAS INSETH,IPIALES,2023
30,INSTITUTO DE ESTUDIOS TACNICOS LABORALES  INSETEC,IPIALES,2023
64,INSTITUTO EDUCATIVO ALBERTO QUIJANO VODNIZA,PASTO,2023
12,INSTITUTO EDUCATIVO LUISEG,BUESACO,2023
17,INSTITUTO GABRIEL GARCIA MARQUEZ,SAN ANDRAS DE TUMACO,2023
25,INSTITUTO GRAN COLOMBIANO JOSE MUTIS,PASTO,2023
14,INSTITUTO POLITECNICO SUR ANDINO - POLISUR,PASTO,2023
19,INSTITUTO TACNICO SISTEMATIZADO DE NARIAO - INTESNAR,PASTO,2023
47,INTEC&SISTEM INSTITUTO TECNICO DE EDUCACION Y SISTEMAS,BUESACO,2023
100,LIC INTEGD DE BTO UNIVERSIDAD DE NARIAO,PASTO,2023
96,LIC SANTA TERESITA DE PASTO,PASTO,2023
64,LICEO DE LA MERCED MARIDIAZ,PASTO,2023
181,LICEO JOSE FELIX JIMENEZ,PASTO,2023
