﻿inst_nombre_institucion,estu_prgm_academico,media_global,key_muni,estu_mcpio_presentacion,inst_origen,inst_caracter_academico,anio
CORPORACION UNIVERSITARIA AUTONOMA DE NARIAO -AUNAR-PASTO,ADMINISTRACIAN DE EMPRESAS,130.49545454545455,BOGOTA D C,BOGOTÃ D.C.,NO OFICIAL - CORPORACIAN,INSTITUCIAN UNIVERSITARIA,2021
CORPORACION UNIVERSITARIA AUTONOMA DE NARIAO -AUNAR-PASTO,ADMINISTRACION DE EMPRESAS,136.34782608695653,BOGOTA D C,BOGOTÃ D.C.,NO OFICIAL - CORPORACIAN,INSTITUCIAN UNIVERSITARIA,2021
CORPORACION UNIVERSITARIA AUTONOMA DE NARIAO -AUNAR-PASTO,CONTADURAA PABLICA,128.34782608695653,BOGOTA D C,BOGOTÃ D.C.,NO OFICIAL - CORPORACIAN,INSTITUCIAN UNIVERSITARIA,2021
CORPORACION UNIVERSITARIA AUTONOMA DE NARIAO -AUNAR-PASTO,INGENIERAA INFORMATICA,138.64444444444445,BOGOTA D C,BOGOTÃ D.C.,NO OFICIAL - CORPORACIAN,INSTITUCIAN UNIVERSITARIA,2021
CORPORACION UNIVERSITARIA AUTONOMA DE NARIAO -AUNAR-PASTO,INGENIERAA INFORMATICA,138.67857142857142,BOGOTA D C,BOGOTÃ D.C.,NO OFICIAL - CORPORACIAN,INSTITUCIAN UNIVERSITARIA,2021
CORPORACION UNIVERSITARIA AUTONOMA DE NARIAO -AUNAR-PASTO,INGENIERIA ELECTRONICA,139.33333333333334,BOGOTA D C,BOGOTÃ D.C.,NO OFICIAL - CORPORACIAN,INSTITUCIAN UNIVERSITARIA,2021
CORPORACION UNIVERSITARIA AUTONOMA DE NARIAO -AUNAR-PASTO,INGENIERIA MECANICA,134.27777777777777,BOGOTA D C,BOGOTÃ D.C.,NO OFICIAL - CORPORACIAN,INSTITUCIAN UNIVERSITARIA,2021
CORPORACION UNIVERSITARIA AUTONOMA DE NARIAO -AUNAR-PASTO,SEGURIDAD Y SALUD EN EL TRABAJO,125.47540983606558,BOGOTA D C,BOGOTÃ D.C.,NO OFICIAL - CORPORACIAN,INSTITUCIAN UNIVERSITARIA,2021
FUNDACION UNIVERSITARIA CATOLICA DEL SUR - UNICATOLICA DEL SUR-PASTO,ADMINISTRACION DE SERVICIOS DE SALUD,131.63636363636363,BOGOTA D C,BOGOTÃ D.C.,NO OFICIAL - FUNDACIAN,INSTITUCIAN UNIVERSITARIA,2021
INSTITUCION UNIVERSITARIA CENTRO DE ESTUDIOS SUPERIORES MARIA GORETTI-PASTO,ADMINISTRACION DE EMPRESAS,135.48101265822785,BOGOTA D C,BOGOTÃ D.C.,NO OFICIAL - FUNDACIAN,INSTITUCIAN UNIVERSITARIA,2021
INSTITUCION UNIVERSITARIA CENTRO DE ESTUDIOS SUPERIORES MARIA GORETTI-PASTO,ARQUITECTURA,132.92156862745097,BOGOTA D C,BOGOTÃ D.C.,NO OFICIAL - FUNDACIAN,INSTITUCIAN UNIVERSITARIA,2021
INSTITUCION UNIVERSITARIA CENTRO DE ESTUDIOS SUPERIORES MARIA GORETTI-PASTO,CONTADURIA PUBLICA,134.0441176470588,BOGOTA D C,BOGOTÃ D.C.,NO OFICIAL - FUNDACIAN,INSTITUCIAN UNIVERSITARIA,2021
INSTITUCION UNIVERSITARIA CENTRO DE ESTUDIOS SUPERIORES MARIA GORETTI-PASTO,DERECHO,143.56306306306305,BOGOTA D C,BOGOTÃ D.C.,NO OFICIAL - FUNDACIAN,INSTITUCIAN UNIVERSITARIA,2021
INSTITUCION UNIVERSITARIA CENTRO DE ESTUDIOS SUPERIORES MARIA GORETTI-PASTO,DISEAO GRAFICO,139.73076923076923,BOGOTA D C,BOGOTÃ D.C.,NO OFICIAL - FUNDACIAN,INSTITUCIAN UNIVERSITARIA,2021
INSTITUCION UNIVERSITARIA CENTRO DE ESTUDIOS SUPERIORES MARIA GORETTI-PASTO,INGENIERAA ELECTRANICA,138.8,BOGOTA D C,BOGOTÃ D.C.,NO OFICIAL - FUNDACIAN,INSTITUCIAN UNIVERSITARIA,2021
INSTITUCION UNIVERSITARIA CENTRO DE ESTUDIOS SUPERIORES MARIA GORETTI-PASTO,INGENIERIA DE SISTEMAS,138.34285714285716,BOGOTA D C,BOGOTÃ D.C.,NO OFICIAL - FUNDACIAN,INSTITUCIAN UNIVERSITARIA,2021
INSTITUCION UNIVERSITARIA CENTRO DE ESTUDIOS SUPERIORES MARIA GORETTI-PASTO,LICENCIATURA EN EDUCACION FISICA,124.32941176470588,BOGOTA D C,BOGOTÃ D.C.,NO OFICIAL - FUNDACIAN,INSTITUCIAN UNIVERSITARIA,2021
INSTITUCION UNIVERSITARIA CENTRO DE ESTUDIOS SUPERIORES MARIA GORETTI-PASTO,LICENCIATURA EN EDUCACION INFANTIL,126.95652173913044,BOGOTA D C,BOGOTÃ D.C.,NO OFICIAL - FUNDACIAN,INSTITUCIAN UNIVERSITARIA,2021
INSTITUCION UNIVERSITARIA CENTRO DE ESTUDIOS SUPERIORES MARIA GORETTI-PASTO,LICENCIATURA EN EDUCACION PREESCOLAR,127.57142857142857,BOGOTA D C,BOGOTÃ D.C.,NO OFICIAL - FUNDACIAN,INSTITUCIAN UNIVERSITARIA,2021
INSTITUCION UNIVERSITARIA CENTRO DE ESTUDIOS SUPERIORES MARIA GORETTI-PASTO,PSICOLOGIA,135.73529411764707,IPIALES,IPIALES,NO OFICIAL - FUNDACIAN,INSTITUCIAN UNIVERSITARIA,2021
UNIVERSIDAD DE NARIAO-PASTO,ADMINISTRACIAN DE EMPRESAS,143.8918918918919,BOGOTA D C,BOGOTÃ D.C.,OFICIAL DEPARTAMENTAL,UNIVERSIDAD,2021
UNIVERSIDAD DE NARIAO-PASTO,ADMINISTRACION DE EMPRESAS,159.11428571428573,BOGOTA D C,BOGOTÃ D.C.,OFICIAL DEPARTAMENTAL,UNIVERSIDAD,2021
UNIVERSIDAD DE NARIAO-PASTO,ARQUITECTURA,151.44,BOGOTA D C,BOGOTÃ D.C.,OFICIAL DEPARTAMENTAL,UNIVERSIDAD,2021
UNIVERSIDAD DE NARIAO-PASTO,ARTES VISUALES,135.23529411764707,PASTO,PASTO,OFICIAL DEPARTAMENTAL,UNIVERSIDAD,2021
UNIVERSIDAD DE NARIAO-PASTO,BIOLOGIA,169.28571428571428,PASTO,PASTO,OFICIAL DEPARTAMENTAL,UNIVERSIDAD,2021
UNIVERSIDAD DE NARIAO-PASTO,COMERCIO INTERNACIONAL,149.18666666666667,BOGOTA D C,BOGOTÃ D.C.,OFICIAL DEPARTAMENTAL,UNIVERSIDAD,2021
UNIVERSIDAD DE NARIAO-PASTO,CONTADURAA PABLICA,151.1578947368421,BOGOTA D C,BOGOTÃ D.C.,OFICIAL DEPARTAMENTAL,UNIVERSIDAD,2021
UNIVERSIDAD DE NARIAO-PASTO,DERECHO,159.54320987654322,BOGOTA D C,BOGOTÃ D.C.,OFICIAL DEPARTAMENTAL,UNIVERSIDAD,2021
UNIVERSIDAD DE NARIAO-PASTO,DISEAO GRAFICO,149.13333333333333,BOGOTA D C,BOGOTÃ D.C.,OFICIAL DEPARTAMENTAL,UNIVERSIDAD,2021
UNIVERSIDAD DE NARIAO-PASTO,DISEAO GRAFICO Y MULTIMEDIAL,135.33333333333334,BOGOTA D C,BOGOTÃ D.C.,OFICIAL DEPARTAMENTAL,UNIVERSIDAD,2021
UNIVERSIDAD DE NARIAO-PASTO,DISEAO INDUSTRIAL,147.3913043478261,BOGOTA D C,BOGOTÃ D.C.,OFICIAL DEPARTAMENTAL,UNIVERSIDAD,2021
UNIVERSIDAD DE NARIAO-PASTO,ECONOMAA,136.67441860465115,BOGOTA D C,BOGOTÃ D.C.,OFICIAL DEPARTAMENTAL,UNIVERSIDAD,2021
UNIVERSIDAD DE NARIAO-PASTO,ECONOMIA,154.96,BOGOTA D C,BOGOTÃ D.C.,OFICIAL DEPARTAMENTAL,UNIVERSIDAD,2021
UNIVERSIDAD DE NARIAO-PASTO,FISICA,169.33333333333334,BOGOTA D C,BOGOTÃ D.C.,OFICIAL DEPARTAMENTAL,UNIVERSIDAD,2021
UNIVERSIDAD DE NARIAO-PASTO,GEOGRAFIA,136.24,PASTO,PASTO,OFICIAL DEPARTAMENTAL,UNIVERSIDAD,2021
UNIVERSIDAD DE NARIAO-PASTO,INGENIERIA AGROFORESTAL,133.68055555555554,BOGOTA D C,BOGOTÃ D.C.,OFICIAL DEPARTAMENTAL,UNIVERSIDAD,2021
UNIVERSIDAD DE NARIAO-PASTO,INGENIERIA AGROINDUSTRIAL,153.8653846153846,BOGOTA D C,BOGOTÃ D.C.,OFICIAL DEPARTAMENTAL,UNIVERSIDAD,2021
UNIVERSIDAD DE NARIAO-PASTO,INGENIERIA AGRONOMICA,147.2,BOGOTA D C,BOGOTÃ D.C.,OFICIAL DEPARTAMENTAL,UNIVERSIDAD,2021
UNIVERSIDAD DE NARIAO-PASTO,INGENIERIA AMBIENTAL,150.55555555555554,PASTO,PASTO,OFICIAL DEPARTAMENTAL,UNIVERSIDAD,2021
UNIVERSIDAD DE NARIAO-PASTO,INGENIERIA CIVIL,157.23809523809524,BOGOTA D C,BOGOTÃ D.C.,OFICIAL DEPARTAMENTAL,UNIVERSIDAD,2021
UNIVERSIDAD DE NARIAO-PASTO,INGENIERIA DE SISTEMAS,151.9041095890411,BOGOTA D C,BOGOTÃ D.C.,OFICIAL DEPARTAMENTAL,UNIVERSIDAD,2021
UNIVERSIDAD DE NARIAO-PASTO,INGENIERIA ELECTRONICA,169.71794871794873,BOGOTA D C,BOGOTÃ D.C.,OFICIAL DEPARTAMENTAL,UNIVERSIDAD,2021
UNIVERSIDAD DE NARIAO-PASTO,INGENIERIA EN PRODUCCION ACUICOLA,141.74074074074073,PASTO,PASTO,OFICIAL DEPARTAMENTAL,UNIVERSIDAD,2021
UNIVERSIDAD DE NARIAO-PASTO,LICENCIATURA EN ARTES VISUALES,130.6818181818182,BOGOTA D C,BOGOTÃ D.C.,OFICIAL DEPARTAMENTAL,UNIVERSIDAD,2021
UNIVERSIDAD DE NARIAO-PASTO,LICENCIATURA EN CIENCIAS NATURALES Y EDUCACIAN AMBIENTAL,151.6888888888889,BOGOTA D C,BOGOTÃ D.C.,OFICIAL DEPARTAMENTAL,UNIVERSIDAD,2021
UNIVERSIDAD DE NARIAO-PASTO,LICENCIATURA EN CIENCIAS SOCIALES,143.02941176470588,BOGOTA D C,BOGOTÃ D.C.,OFICIAL DEPARTAMENTAL,UNIVERSIDAD,2021
UNIVERSIDAD DE NARIAO-PASTO,LICENCIATURA EN ESPAAOL E INGLES,157.93333333333334,BOGOTA D C,BOGOTÃ D.C.,OFICIAL DEPARTAMENTAL,UNIVERSIDAD,2021
UNIVERSIDAD DE NARIAO-PASTO,LICENCIATURA EN FILOSOFIA Y LETRAS,143.63333333333333,PASTO,PASTO,OFICIAL DEPARTAMENTAL,UNIVERSIDAD,2021
UNIVERSIDAD DE NARIAO-PASTO,LICENCIATURA EN INFORMATICA,143.76,BOGOTA D C,BOGOTÃ D.C.,OFICIAL DEPARTAMENTAL,UNIVERSIDAD,2021
UNIVERSIDAD DE NARIAO-PASTO,LICENCIATURA EN LENGUA CASTELLANA Y LITERATURA,133.4390243902439,BOGOTA D C,BOGOTÃ D.C.,OFICIAL DEPARTAMENTAL,UNIVERSIDAD,2021
UNIVERSIDAD DE NARIAO-PASTO,LICENCIATURA EN LENGUAS EXTRANJERAS CON ANFASIS EN INGLAS,171.61764705882354,BOGOTA D C,BOGOTÃ D.C.,OFICIAL DEPARTAMENTAL,UNIVERSIDAD,2021
UNIVERSIDAD DE NARIAO-PASTO,LICENCIATURA EN MATEMATICAS,151.7,BOGOTA D C,BOGOTÃ D.C.,OFICIAL DEPARTAMENTAL,UNIVERSIDAD,2021
UNIVERSIDAD DE NARIAO-PASTO,LICENCIATURA EN MUSICA,139.25,BOGOTA D C,BOGOTÃ D.C.,OFICIAL DEPARTAMENTAL,UNIVERSIDAD,2021
UNIVERSIDAD DE NARIAO-PASTO,MEDICINA VETERINARIA,157.08771929824562,BOGOTA D C,BOGOTÃ D.C.,OFICIAL DEPARTAMENTAL,UNIVERSIDAD,2021
UNIVERSIDAD DE NARIAO-PASTO,MERCADEO,150.54761904761904,PASTO,PASTO,OFICIAL DEPARTAMENTAL,UNIVERSIDAD,2021
UNIVERSIDAD DE NARIAO-PASTO,PSICOLOGIA,154.6875,PASTO,PASTO,OFICIAL DEPARTAMENTAL,UNIVERSIDAD,2021
UNIVERSIDAD DE NARIAO-PASTO,QUIMICA,158.11111111111111,BOGOTA D C,BOGOTÃ D.C.,OFICIAL DEPARTAMENTAL,UNIVERSIDAD,2021
UNIVERSIDAD DE NARIAO-PASTO,SOCIOLOGAA,121.77777777777777,SAN ANDRES DE TUMACO,SAN ANDRÃS DE TUMACO,OFICIAL DEPARTAMENTAL,UNIVERSIDAD,2021
UNIVERSIDAD DE NARIAO-PASTO,SOCIOLOGIA,147.48387096774192,BOGOTA D C,BOGOTÃ D.C.,OFICIAL DEPARTAMENTAL,UNIVERSIDAD,2021
UNIVERSIDAD DE NARIAO-PASTO,ZOOTECNIA,137.0,BOGOTA D C,BOGOTÃ D.C.,OFICIAL DEPARTAMENTAL,UNIVERSIDAD,2021
UNIVERSIDAD MARIANA-PASTO,ADMINISTRACION DE NEGOCIOS INTERNACIONALES,145.23529411764707,PASTO,BOGOTÃ D.C.,NO OFICIAL - FUNDACIAN,UNIVERSIDAD,2021
UNIVERSIDAD MARIANA-PASTO,COMUNICACION SOCIAL,144.58333333333334,PASTO,BOGOTÃ D.C.,NO OFICIAL - FUNDACIAN,UNIVERSIDAD,2021
UNIVERSIDAD MARIANA-PASTO,CONTADURIA PUBLICA,141.05208333333334,PASTO,BOGOTÃ D.C.,NO OFICIAL - FUNDACIAN,UNIVERSIDAD,2021
UNIVERSIDAD MARIANA-PASTO,DERECHO,144.2710843373494,PASTO,BOGOTÃ D.C.,NO OFICIAL - FUNDACIAN,UNIVERSIDAD,2021
UNIVERSIDAD MARIANA-PASTO,ENFERMERIA,143.3125,PASTO,BOGOTÃ D.C.,NO OFICIAL - FUNDACIAN,UNIVERSIDAD,2021
UNIVERSIDAD MARIANA-PASTO,FISIOTERAPIA,146.75862068965517,PASTO,BOGOTÃ D.C.,NO OFICIAL - FUNDACIAN,UNIVERSIDAD,2021
UNIVERSIDAD MARIANA-PASTO,INGENIERIA AMBIENTAL,141.98461538461538,PASTO,BOGOTÃ D.C.,NO OFICIAL - FUNDACIAN,UNIVERSIDAD,2021
UNIVERSIDAD MARIANA-PASTO,INGENIERIA CIVIL,147.59375,PASTO,BOGOTÃ D.C.,NO OFICIAL - FUNDACIAN,UNIVERSIDAD,2021
UNIVERSIDAD MARIANA-PASTO,INGENIERIA DE PROCESOS,155.16666666666666,PASTO,PASTO,NO OFICIAL - FUNDACIAN,UNIVERSIDAD,2021
UNIVERSIDAD MARIANA-PASTO,INGENIERIA DE SISTEMAS,150.25531914893617,PASTO,BOGOTÃ D.C.,NO OFICIAL - FUNDACIAN,UNIVERSIDAD,2021
UNIVERSIDAD MARIANA-PASTO,INGENIERIA MECATRONICA,148.80769230769232,PASTO,BOGOTÃ D.C.,NO OFICIAL - FUNDACIAN,UNIVERSIDAD,2021
UNIVERSIDAD MARIANA-PASTO,LICENCIATURA EN EDUCACIAN BASICA PRIMARIA,130.3941605839416,PASTO,BOGOTÃ D.C.,NO OFICIAL - FUNDACIAN,UNIVERSIDAD,2021
UNIVERSIDAD MARIANA-PASTO,LICENCIATURA EN EDUCACION INFANTIL,127.875,PASTO,BOGOTÃ D.C.,NO OFICIAL - FUNDACIAN,UNIVERSIDAD,2021
UNIVERSIDAD MARIANA-PASTO,LICENCIATURA EN EDUCACION PREESCOLAR,122.63333333333334,PASTO,PASTO,NO OFICIAL - FUNDACIAN,UNIVERSIDAD,2021
UNIVERSIDAD MARIANA-PASTO,NUTRICION Y DIETETICA,150.2375,PASTO,BOGOTÃ D.C.,NO OFICIAL - FUNDACIAN,UNIVERSIDAD,2021
UNIVERSIDAD MARIANA-PASTO,PROFESIONAL EN MERCADEO,134.62745098039215,PASTO,BOGOTÃ D.C.,NO OFICIAL - FUNDACIAN,UNIVERSIDAD,2021
UNIVERSIDAD MARIANA-PASTO,PSICOLOGIA,140.86567164179104,PASTO,BOGOTÃ D.C.,NO OFICIAL - FUNDACIAN,UNIVERSIDAD,2021
UNIVERSIDAD MARIANA-PASTO,TERAPIA OCUPACIONAL,140.64102564102564,PASTO,BOGOTÃ D.C.,NO OFICIAL - FUNDACIAN,UNIVERSIDAD,2021
UNIVERSIDAD MARIANA-PASTO,TRABAJO SOCIAL,132.6769230769231,PASTO,PASTO,NO OFICIAL - FUNDACIAN,UNIVERSIDAD,2021
