﻿n_estu,colegio_nombre,cole_mcpio_ubicacion,anio
30,BTO MODERNO DE ADULTOS EXTERNADO DEL SUR,PASTO,2021
26,CENTRO DE EDUCACION PARA ADULTOS ANTONIO RICAURTE,RICAURTE,2021
139,CENTRO EDUCATIVO BOLIVARIANO,PASTO,2021
33,CENTRO EDUCATIVO CECONPAZ,TAQUERRES,2021
5,CENTRO ETNO EDUCATIVO INTERCULTURAL BILINGUE TAITA,IPIALES,2021
31,CENTRO PEDAGAGICO MARIA DE LA PAZ,PASTO,2021
62,COL COMFAMILIAR DE NARIAO SIGLO XXI,PASTO,2021
40,COL ESTUDIAR AULA SIN FRONTERAS,PASTO,2021
83,COL FILIPENSE NUESTRA SRA DE LA ESPERANZA,PASTO,2021
119,COL INSUCA,PASTO,2021
50,COL LA INMACULADA,PASTO,2021
24,COL MILITAR COLOMBIA,PASTO,2021
8,COL MUSICAL BRITANICO,PASTO,2021
39,COL NUESTRA SEAORA DE LAS LAJAS,PASTO,2021
37,COL NUESTRA SRA DEL CARMEN,PASTO,2021
17,COL PARA ADULTOS COMFAMILIAR DE NARIAO,PASTO,2021
14,COL RAFAEL POMBO,SAN ANDRAS DE TUMACO,2021
140,COL SAN FELIPE NERI,PASTO,2021
94,COL SAN FRANCISCO JAVIER,PASTO,2021
77,COLEGIO BACHILLERATO COLSUP,PASTO,2021
27,COLEGIO CHAMPAGNAT,IPIALES,2021
10,COLEGIO COLOMBO SUIZO,PASTO,2021
74,COLEGIO DEL SAGRADO CORAZON DE JESUS,PASTO,2021
32,COLEGIO FILIPENSE,IPIALES,2021
49,COLEGIO INMACULADA CONCEPCION,IPIALES,2021
165,COLEGIO INSECOL S.A.S.,IPIALES,2021
32,COLEGIO LOS AMIGOS DE LA CIENCIA S.A.S ZOMAC,SAN ANDRAS DE TUMACO,2021
21,COLEGIO MI PEQUEAO MUNDO GIMNASIO LOS ANDES,PASTO,2021
14,COLEGIO MUNDO DE PRAGA,PASTO,2021
40,COLEGIO NUEVO HORIZONTE,SAN ANDRAS DE TUMACO,2021
15,COLEGIO PARA ADULTOS EDUCAR,IPIALES,2021
20,COLEGIO SAN FELIPE NERI,IPIALES,2021
20,COLEGIO TECNICO MILITAR ALMIRANTE TONO TUMACO SAS,SAN ANDRAS DE TUMACO,2021
79,I. E. CIUDADELA EDUCATIVA TUMAC,SAN ANDRAS DE TUMACO,2021
107,I. E. ROBERTO MARIO BISCHOFF,SAN ANDRAS DE TUMACO,2021
17,I. E. TECNICA PEAA COLORADA,SAN ANDRAS DE TUMACO,2021
2,I.E. BAJO MIRA Y FRONTERA,SAN ANDRAS DE TUMACO,2021
4,I.E. BILINGAE AWA TECNICO AGROINDUSTRIAL PIANULPI,SAN ANDRAS DE TUMACO,2021
34,I.E. CHAJAL,SAN ANDRAS DE TUMACO,2021
22,I.E. FRANCISCO JOSE DE CALDAS,SAN ANDRAS DE TUMACO,2021
9,I.E. INDAGENA AGROAMBIENTAL MAYKER,CUMBAL,2021
5,I.E. LA ENSENADA,SAN ANDRAS DE TUMACO,2021
99,I.E. LLORENTE,SAN ANDRAS DE TUMACO,2021
12,I.E. MICROEMPRESARIAL LOS ANDES,IPIALES,2021
24,I.E. SANTANDER,TAQUERRES,2021
10,I.E. SIMAN BOLAVAR,PASTO,2021
32,I.E.M. AGUSTIN AGUALONGO,PASTO,2021
40,I.E.M. ANTONIO NARIAO,PASTO,2021
124,I.E.M. ARTEMIO MENDOZA CARVAJAL,PASTO,2021
32,I.E.M. AURELIO ARTURO MARTINEZ,PASTO,2021
23,I.E.M. CABRERA,PASTO,2021
76,I.E.M. CENT DE INTEGRACION POPULAR,PASTO,2021
49,I.E.M. CHAMBU,PASTO,2021
345,I.E.M. CIUDAD DE PASTO,PASTO,2021
35,I.E.M. CIUDADELA DE PAZ,PASTO,2021
186,I.E.M. CIUDADELA EDUCATIVA DE PASTO,PASTO,2021
49,I.E.M. CRISTO REY,PASTO,2021
32,I.E.M. EDUARDO ROMO ROSERO,PASTO,2021
28,I.E.M. EL SOCORRO,PASTO,2021
54,I.E.M. FRANCISCO DE LA VILLOTA,PASTO,2021
30,I.E.M. FRANCISCO JOSE DE CALDAS,PASTO,2021
10,I.E.M. GUALMATAN,PASTO,2021
83,I.E.M. HERALDO ROMERO SANCHEZ,PASTO,2021
52,I.E.M. JOSE ANTONIO GALAN,PASTO,2021
48,I.E.M. LA ROSA,PASTO,2021
220,I.E.M. LIBERTAD,PASTO,2021
104,I.E.M. LICEO CENTRAL DE NARIAO,PASTO,2021
360,I.E.M. LUIS DELFIN INSUASTY RODRIGUEZ,PASTO,2021
126,I.E.M. LUIS EDUARDO MORA OSEJO,PASTO,2021
48,I.E.M. MARCO FIDEL SUAREZ,PASTO,2021
220,I.E.M. MARIA GORETTI,PASTO,2021
56,I.E.M. MERCEDARIO,PASTO,2021
16,I.E.M. MORASURCO,PASTO,2021
203,I.E.M. NORMAL SUPERIOR DE PASTO,PASTO,2021
52,I.E.M. NUESTRA SEAORA DE GUADALUPE,PASTO,2021
22,I.E.M. NUESTRA SEAORA DE LA VISITACION,PASTO,2021
17,I.E.M. OBONUCO,PASTO,2021
28,I.E.M. PEDAGOGICO,PASTO,2021
53,I.E.M. SAN JOSE BETHLEMITAS,PASTO,2021
108,I.E.M. SAN JUAN BOSCO,PASTO,2021
49,I.E.M. SANTA BARBARA,PASTO,2021
64,I.E.M. SANTA TERESITA,PASTO,2021
177,I.E.M. TECNICO INDUSTRIAL,PASTO,2021
6,I.E.T. AGROP-AMBIENTAL BILINGUE INDA ZABALETA,SAN ANDRAS DE TUMACO,2021
139,IE .INST. TEC. POPULAR DE LA COSTA,SAN ANDRAS DE TUMACO,2021
6,IE ALTO MIRA FRONTERA,SAN ANDRAS DE TUMACO,2021
64,IE. AGROINDUSTRIAL SAN LUIS ROBLES,SAN ANDRAS DE TUMACO,2021
51,IE. CIUDADELA MIXTA COLOMBIA,SAN ANDRAS DE TUMACO,2021
18,IE. DOS QUEBRADAS,SAN ANDRAS DE TUMACO,2021
105,IE. FAUSTINO ARIAS REINEL,SAN ANDRAS DE TUMACO,2021
53,IE. GENERAL SANTANDER,SAN ANDRAS DE TUMACO,2021
117,IE. IBERIA,SAN ANDRAS DE TUMACO,2021
45,IE. IMBILI CARRETERA,SAN ANDRAS DE TUMACO,2021
73,IE. INMACULADA CONCEPCION,SAN ANDRAS DE TUMACO,2021
37,IE. INST. TEC. AGROPECUARIO DE CANDELILLAS CARRETERA,SAN ANDRAS DE TUMACO,2021
77,IE. INST. TEC. INDUSTRIAL NAL.,SAN ANDRAS DE TUMACO,2021
62,IE. INTEGRADA DE CHILVI,SAN ANDRAS DE TUMACO,2021
71,IE. LICEO NACIONAL MAX SEIDEL,SAN ANDRAS DE TUMACO,2021
4,IE. MANUEL BENITEZ DUCLERG,SAN ANDRAS DE TUMACO,2021
18,IE. MANUEL ELKIN PATARROLLO,SAN ANDRAS DE TUMACO,2021
145,IE. MISIONAL SANTA TERESITA,SAN ANDRAS DE TUMACO,2021
137,IE. NUESTRA SEAORA DE FATIMA,SAN ANDRAS DE TUMACO,2021
6,IE. NUESTRA SEAORA DE LAS LAJAS,SAN ANDRAS DE TUMACO,2021
37,IE. NUESTRA SEA¿ORA DEL CARMEN DE ESPRIELLA,SAN ANDRAS DE TUMACO,2021
49,IE. NUEVA FLORIDA,SAN ANDRAS DE TUMACO,2021
42,IE. SAN JOSE DE CAUNAPI,SAN ANDRAS DE TUMACO,2021
8,IE. SAN JUAN EVANGELISTA,SAN ANDRAS DE TUMACO,2021
123,IE. SANTA TERESITA,SAN ANDRAS DE TUMACO,2021
63,IE. TACNICO AGROPECUARIO TANGAREAL CARRETERA,SAN ANDRAS DE TUMACO,2021
138,INST CHAMPAGNAT,PASTO,2021
27,INST EDUC LUISEG,PASTO,2021
73,INST JORGE ELIECER GAITAN,PASTO,2021
36,INST SAN FRANCISCO DE ASIS,PASTO,2021
12,INST. MIXTO RENACER,SAN ANDRAS DE TUMACO,2021
8,INST. VIGOTSKY,SAN ANDRAS DE TUMACO,2021
13,INSTITUCIAN EDUCATIVA AGROAMBIENTAL PUSPUED,MALLAMA,2021
11,INSTITUCIAN EDUCATIVA AGROECOLAGICO LA PLAYA,FRANCISCO PIZARRO,2021
9,INSTITUCIAN EDUCATIVA AGROINDUSTRIAL LA VICTORIA CON ANFASIS EN LA PRODUCCIAN DE CAFAS ESPECIALES,EL TABLAN DE GAMEZ,2021
3,INSTITUCIAN EDUCATIVA BILINGAE AGROINDUSTRIAL SINDAGUA - I.E.B.A.S,RICAURTE,2021
8,INSTITUCIAN EDUCATIVA CHAPIURCO,ALBAN,2021
14,INSTITUCIAN EDUCATIVA CURIACO,TAMINANGO,2021
12,INSTITUCIAN EDUCATIVA FATIMA,EL TABLAN DE GAMEZ,2021
10,INSTITUCIAN EDUCATIVA GUAPUSCAL ALTO,FUNES,2021
9,INSTITUCIAN EDUCATIVA LA ESTANCIA,SAN PEDRO DE CARTAGO,2021
96,INSTITUCIAN EDUCATIVA NUESTRA SEAORA DE LAS MERCEDES,EL TABLAN DE GAMEZ,2021
42,INSTITUCIAN EDUCATIVA NUESTRA SEAORA DEL CARMEN,EL CHARCO,2021
28,INSTITUCIAN EDUCATIVA PALO VERDE,LA UNIAN,2021
10,INSTITUCIAN EDUCATIVA PIZANDA,CUMBITARA,2021
14,INSTITUCIAN EDUCATIVA RESTREPO,POLICARPA,2021
8,INSTITUCIAN EDUCATIVA SAN PABLO DE LA MAR,LA TOLA,2021
7,INSTITUCIAN EDUCATIVA SANTA CRUZ,POLICARPA,2021
4,INSTITUCION  AGROPECUARIA COMUNIDAD  INDIGENA  INKAI -AWA,RICAURTE,2021
68,INSTITUCION  EDUCATIVA  LAS MESAS  INSEM,EL TABLAN DE GAMEZ,2021
3,INSTITUCION  EDUCATIVA EL HORMIGUERO,EL CHARCO,2021
50,INSTITUCION  EDUCATIVA NORMAL SUPERIOR SAGRADO CORAZON DE JESUS,SAN PABLO,2021
23,INSTITUCION  EDUCATIVA ROSAFLORIDA,ARBOLEDA,2021
20,INSTITUCION EDUCATIVA  AGROPECUARIA MIGUEL ANGEL RANGEL,LA CRUZ,2021
23,INSTITUCION EDUCATIVA  AGROPECUARIA SANTA ANA,IMUAS,2021
17,INSTITUCION EDUCATIVA  AGROPECUARIA SIMON BOLIVAR,SANDONA,2021
71,INSTITUCION EDUCATIVA  ANTONIO NARIAO,SAN PABLO,2021
14,INSTITUCION EDUCATIVA  EL MANZANO,TAMINANGO,2021
39,INSTITUCION EDUCATIVA  EL TABLON,TAMINANGO,2021
13,INSTITUCION EDUCATIVA  JESUS DE PRAGA,SANDONA,2021
51,INSTITUCION EDUCATIVA  MICROEMPRESARIAL DE CABUYALES,LA CRUZ,2021
55,INSTITUCION EDUCATIVA  MUNICIPAL EL ENCANO,PASTO,2021
46,INSTITUCION EDUCATIVA  POLICARPA,POLICARPA,2021
8,INSTITUCION EDUCATIVA AGRICOLA DE LA SABANA,TAQUERRES,2021
14,INSTITUCION EDUCATIVA AGROAMBIENTAL SANTA ROSA,BELAN,2021
17,INSTITUCION EDUCATIVA AGROECOLOGICA SAGRADO CORAZON DE JESUS,CUMBAL,2021
36,INSTITUCION EDUCATIVA AGROINDUSTRIAL LOS PASTOS,IPIALES,2021
13,INSTITUCION EDUCATIVA AGROPECUARIA ALTAMIRA,POLICARPA,2021
32,INSTITUCION EDUCATIVA AGROPECUARIA BOMBONA,CONSACA,2021
10,INSTITUCION EDUCATIVA AGROPECUARIA CUATRO ESQUINAS,TAQUERRES,2021
4,INSTITUCION EDUCATIVA AGROPECUARIA EL EJIDO,POLICARPA,2021
17,INSTITUCION EDUCATIVA AGROPECUARIA EL REMOLINO,TAMINANGO,2021
14,INSTITUCION EDUCATIVA AGROPECUARIA INDAGENA SEBASTIAN GARCIA CARLOSAMA,CUASPAD,2021
29,INSTITUCION EDUCATIVA AGROPECUARIA INDIGENA DE PANAN,CUMBAL,2021
21,INSTITUCION EDUCATIVA AGROPECUARIA LA ESPERANZA,BELAN,2021
12,INSTITUCION EDUCATIVA AGROPECUARIA LA FLORESTA,SAPUYES,2021
23,INSTITUCION EDUCATIVA AGROPECUARIA LA VEGA,SAN BERNARDO,2021
19,INSTITUCION EDUCATIVA AGROPECUARIA LUIS ANTONIO MONTERO,POTOSA,2021
14,INSTITUCION EDUCATIVA AGROPECUARIA MARISCAL SUCRE,FUNES,2021
12,INSTITUCION EDUCATIVA AGROPECUARIA POLACHAYAN,TAQUERRES,2021
26,INSTITUCION EDUCATIVA AGROPECUARIA SAN CARLOS,COLAN,2021
19,INSTITUCION EDUCATIVA AGROPECUARIA SAN JUAN BAUTISTA DE LA SALLE,MALLAMA,2021
11,INSTITUCION EDUCATIVA AGROPECUARIA SAN MARTIN DE PORRES,SAMANIEGO,2021
22,INSTITUCION EDUCATIVA AGROPECUARIA VERACRUZ,BUESACO,2021
7,INSTITUCION EDUCATIVA AGROPECUARIA Y AMBIENTAL ARCA DE NOE,LA TOLA,2021
11,INSTITUCION EDUCATIVA AGROPECUARIO DEL RIO SANQUIANGA,OLAYA HERRERA,2021
11,INSTITUCION EDUCATIVA AGROPECUARIO LA PLANADA,LOS ANDES,2021
21,INSTITUCION EDUCATIVA AGROPECUARIO SANTA ROSA,CUMBITARA,2021
17,INSTITUCION EDUCATIVA ALBERTO QUIJANO GUERRERO,TANGUA,2021
9,INSTITUCION EDUCATIVA ALFONSO LOPEZ,IPIALES,2021
18,INSTITUCION EDUCATIVA ANDES DE CUICAL,CUMBAL,2021
22,INSTITUCION EDUCATIVA BAJO SINAI,POTOSA,2021
15,INSTITUCION EDUCATIVA BUENAVISTA,BARBACOAS,2021
70,INSTITUCION EDUCATIVA CAMILO TORRES,CUASPAD,2021
23,INSTITUCION EDUCATIVA CARLOS ALBORNOZ ROSAS,ANCUYA,2021
68,INSTITUCION EDUCATIVA CHACHAGUI,CHACHAGAA,2021
11,INSTITUCION EDUCATIVA CHAPACUAL,YACUANQUER,2021
179,INSTITUCION EDUCATIVA CIUDAD DE IPIALES,IPIALES,2021
47,INSTITUCION EDUCATIVA COLEGIO DEPTAL SAN CARLOS,CONTADERO,2021
63,INSTITUCION EDUCATIVA COLEGIO JOSE ANTONIO GALAN,ILES,2021
4,INSTITUCION EDUCATIVA COLEGIO MUNICIPAL DE OLAYA,TAQUERRES,2021
71,INSTITUCION EDUCATIVA COMERCIAL LITORAL PACIFICO,OLAYA HERRERA,2021
21,INSTITUCION EDUCATIVA COMERCIAL SAN LUIS,ALDANA,2021
50,INSTITUCION EDUCATIVA CONCENTRACION DE DESARROLLO RURAL,YACUANQUER,2021
15,INSTITUCION EDUCATIVA CUNCHILA,OSPINA,2021
49,INSTITUCION EDUCATIVA DE BACHILLERATO,LA CRUZ,2021
46,INSTITUCION EDUCATIVA DE COMERCIO,PUPIALES,2021
51,INSTITUCION EDUCATIVA DE DESARROLLO RURAL DE BERRUECOS,ARBOLEDA,2021
11,INSTITUCION EDUCATIVA DE DESARROLLO RURAL,CONSACA,2021
75,INSTITUCION EDUCATIVA DE DESARROLLO RURAL,LA UNIAN,2021
11,INSTITUCION EDUCATIVA DEL NORTE MUNICIPIO DE ILES,ILES,2021
72,INSTITUCION EDUCATIVA DEL SUR - INESUR,PASTO,2021
51,INSTITUCION EDUCATIVA DEL SUR,IPIALES,2021
50,INSTITUCION EDUCATIVA DEPARTAMENTAL LOS HEROES,PUPIALES,2021
41,INSTITUCION EDUCATIVA DEPTAL JUAN PABLO I,LA LLANADA,2021
49,INSTITUCION EDUCATIVA DIEGO LUIS CORDOBA,LINARES,2021
87,INSTITUCION EDUCATIVA DIVINO NIAO JESUS,CUMBAL,2021
14,INSTITUCION EDUCATIVA DIVINO NIA¿O GENOVA,COLAN,2021
23,INSTITUCION EDUCATIVA ECOLOGICA LA COCHA,ARBOLEDA,2021
12,INSTITUCION EDUCATIVA EL CANAL NOCTURNO MARIANO OSPINA PEREZ,EL CHARCO,2021
27,INSTITUCION EDUCATIVA EL DIVISO,BARBACOAS,2021
23,INSTITUCION EDUCATIVA EL PALMAR,LEIVA,2021
39,INSTITUCION EDUCATIVA EL PARAMO,TAMINANGO,2021
17,INSTITUCION EDUCATIVA EL PLACER,IPIALES,2021
94,INSTITUCION EDUCATIVA ELISEO PAYAN,MAGAA,2021
85,INSTITUCION EDUCATIVA ESCUELA NORMAL SUPERIOR SAN CARLOS,LA UNIAN,2021
55,INSTITUCION EDUCATIVA FRANCISCO DE PAULA SANTANDER,OSPINA,2021
36,INSTITUCION EDUCATIVA GABRIEL GARCIA MARQUEZ,IPIALES,2021
130,INSTITUCION EDUCATIVA GENARO LEON,GUACHUCAL,2021
13,INSTITUCION EDUCATIVA GUSTIN SANTACRUZ,LA FLORIDA,2021
12,INSTITUCION EDUCATIVA INDIGENA SANTA TERESITA DE MUESES,POTOSA,2021
9,INSTITUCION EDUCATIVA INMACULADA CONCEPCION DE TALLAMBI,CUMBAL,2021
95,INSTITUCION EDUCATIVA INSTITUTO TECNICO GIRARDOT,TAQUERRES,2021
76,INSTITUCION EDUCATIVA INSTITUTO TERESIANO,TAQUERRES,2021
116,INSTITUCION EDUCATIVA JESUS DE NAZARETH,IPIALES,2021
37,INSTITUCION EDUCATIVA JESUS DEL GRAN PODER,IMUAS,2021
78,INSTITUCION EDUCATIVA JESUS NAZARENO,EL TAMBO,2021
58,INSTITUCION EDUCATIVA JORGE ELIECER GAITAN,EL PEAOL,2021
42,INSTITUCION EDUCATIVA JOSE ANTONIO GALAN,SAN BERNARDO,2021
132,INSTITUCION EDUCATIVA JOSE ANTONIO LLORENTE,CUMBAL,2021
8,INSTITUCION EDUCATIVA JOSE MARIA NAVARRETE,TANGUA,2021
83,INSTITUCION EDUCATIVA JUAN IGNACIO ORTIZ,ALBAN,2021
43,INSTITUCION EDUCATIVA JUAN PABLO II,NARIAO,2021
79,INSTITUCION EDUCATIVA JUAN XXIII,PUERRES,2021
170,INSTITUCION EDUCATIVA JUANAMBU,LA UNIAN,2021
24,INSTITUCION EDUCATIVA JUBANGUANA,BUESACO,2021
26,INSTITUCION EDUCATIVA LA INMACULADA DE ROBLES,LA FLORIDA,2021
57,INSTITUCION EDUCATIVA LA INMACULADA,OLAYA HERRERA,2021
11,INSTITUCION EDUCATIVA LA PAZ,LOS ANDES,2021
40,INSTITUCION EDUCATIVA LA VICTORIA,IPIALES,2021
9,INSTITUCION EDUCATIVA LAS DELICIAS,CONTADERO,2021
20,INSTITUCION EDUCATIVA LAS DELICIAS,LEIVA,2021
14,INSTITUCION EDUCATIVA LAS LAJAS,IPIALES,2021
20,INSTITUCION EDUCATIVA LAS MARIAS,OLAYA HERRERA,2021
24,INSTITUCION EDUCATIVA LEOPOLDO LOPEZ ALVAREZ,COLAN,2021
60,INSTITUCION EDUCATIVA LICEO DEL PACIFICO,MOSQUERA,2021
33,INSTITUCION EDUCATIVA LICEO SAN ANDRES DE TUMACO,SAN ANDRAS DE TUMACO,2021
19,INSTITUCION EDUCATIVA LOS ARRAYANES,CARDOBA,2021
84,INSTITUCION EDUCATIVA LOS LIBERTADORES,CONSACA,2021
15,INSTITUCION EDUCATIVA LUIS CARLOS GALAN,LINARES,2021
88,INSTITUCION EDUCATIVA LUIS IRIZAR SALAZAR,BARBACOAS,2021
21,INSTITUCION EDUCATIVA MADRIGAL SAN FRANCISCO DE ASIS,POLICARPA,2021
33,INSTITUCION EDUCATIVA MARIA LUZ,IMUAS,2021
4,INSTITUCION EDUCATIVA MERIZALDE PORVENIR,OLAYA HERRERA,2021
56,INSTITUCION EDUCATIVA MISAEL PASTRANA BORRERO,TANGUA,2021
10,INSTITUCION EDUCATIVA MONOPAMBA,PUERRES,2021
50,INSTITUCION EDUCATIVA MUNICIPIO DE FUNES,FUNES,2021
56,INSTITUCION EDUCATIVA MUNICIPIO DE MALLAMA,MALLAMA,2021
64,INSTITUCION EDUCATIVA NACIONAL SEMINARIO,IPIALES,2021
18,INSTITUCION EDUCATIVA NAZARET,IPIALES,2021
94,INSTITUCION EDUCATIVA NORMAL SUPERIOR DEL MAYO,LA CRUZ,2021
103,INSTITUCION EDUCATIVA NORMAL SUPERIOR LA INMACULADA,BARBACOAS,2021
74,INSTITUCION EDUCATIVA NORMAL SUPERIOR PIO XII,PUPIALES,2021
42,INSTITUCION EDUCATIVA NUESTRA SEAORA DE BELEN,BELAN,2021
51,INSTITUCION EDUCATIVA NUESTRA SEAORA DE FATIMA,SANDONA,2021
17,INSTITUCION EDUCATIVA NUESTRA SEAORA DE LAS LAJAS,ANCUYA,2021
34,INSTITUCION EDUCATIVA NUESTRA SEAORA DE LAS LAJAS,CHACHAGAA,2021
28,INSTITUCION EDUCATIVA NUESTRA SEAORA DE LAS LAJAS,IPIALES,2021
81,INSTITUCION EDUCATIVA NUESTRA SEAORA DE LAS NIEVES,GUAITARILLA,2021
66,INSTITUCION EDUCATIVA NUESTRA SEAORA DE LOURDES,POTOSA,2021
10,INSTITUCION EDUCATIVA NUESTRA SEAORA DEL CARMEN,EL ROSARIO,2021
52,INSTITUCION EDUCATIVA NUESTRA SEAORA DEL CARMEN,SAN LORENZO,2021
22,INSTITUCION EDUCATIVA NUESTRA SEAORA DEL CARMEN,TANGUA,2021
64,INSTITUCION EDUCATIVA NUESTRA SEAORA DEL PILAR,ALDANA,2021
20,INSTITUCION EDUCATIVA NUESTRA SEAORA DEL ROSARIO,COLAN,2021
20,INSTITUCION EDUCATIVA NUESTRA SEAORA DEL ROSARIO,EL ROSARIO,2021
19,INSTITUCION EDUCATIVA NUESTRA SEAORA DELCARMEN,LA FLORIDA,2021
8,INSTITUCION EDUCATIVA NUESTRA SRA. DE FATIMA,CARDOBA,2021
41,INSTITUCION EDUCATIVA NUESTRO SEA¿OR DEL RIO DE CHILES,CUMBAL,2021
22,INSTITUCION EDUCATIVA OSPINA PEREZ,RICAURTE,2021
121,INSTITUCION EDUCATIVA PABLO VI,TAMINANGO,2021
18,INSTITUCION EDUCATIVA PEDRO DE ADRADA,TAMINANGO,2021
68,INSTITUCION EDUCATIVA PEDRO LEON TORRES,YACUANQUER,2021
74,INSTITUCION EDUCATIVA PEREZ PALLARES,IPIALES,2021
27,INSTITUCION EDUCATIVA POLICARPA BOCA DE TELEMBI,ROBERTO PAYAN,2021
119,INSTITUCION EDUCATIVA POLICARPA SALAVARRIETA,SAMANIEGO,2021
36,INSTITUCION EDUCATIVA POLITECNICA SANTA BARBARA,SANTA BARBARA,2021
21,INSTITUCION EDUCATIVA POLITECNICO JUAN BOLAAOS,ALBAN,2021
48,INSTITUCION EDUCATIVA POLITECNICO MARCELO MIRANDA,IPIALES,2021
89,INSTITUCION EDUCATIVA PROVIDENCIA,PROVIDENCIA,2021
26,INSTITUCION EDUCATIVA PUENES,IPIALES,2021
1,INSTITUCION EDUCATIVA PUMBI LAS LAJAS,ROBERTO PAYAN,2021
50,INSTITUCION EDUCATIVA RAFAEL URIBE URIBE,BUESACO,2021
102,INSTITUCION EDUCATIVA RICAURTE,RICAURTE,2021
46,INSTITUCION EDUCATIVA RIO TAPAJE,EL CHARCO,2021
11,INSTITUCION EDUCATIVA SAGRADO CORAZON DE JESUS,EL ROSARIO,2021
58,INSTITUCION EDUCATIVA SAGRADO CORAZON DE JESUS,EL TAMBO,2021
89,INSTITUCION EDUCATIVA SAGRADO CORAZON DE JESUS,SAN LORENZO,2021
14,INSTITUCION EDUCATIVA SAGRADO CORAZON DE JESUS,SANDONA,2021
10,INSTITUCION EDUCATIVA SAGRADOS CORAZONES DE JESUS Y MARIA,CHACHAGAA,2021
18,INSTITUCION EDUCATIVA SAN ALEJANDRO,GUAITARILLA,2021
7,INSTITUCION EDUCATIVA SAN ANTONIO DE PADUA,BUESACO,2021
6,INSTITUCION EDUCATIVA SAN ANTONIO DE PADUA,POTOSA,2021
34,INSTITUCION EDUCATIVA SAN BARTOLOME DE LA FLORIDA,LA FLORIDA,2021
98,INSTITUCION EDUCATIVA SAN BARTOLOME,CARDOBA,2021
19,INSTITUCION EDUCATIVA SAN FRANCISCO DE ASIS,ANCUYA,2021
42,INSTITUCION EDUCATIVA SAN FRANCISCO DE ASIS,EL PEAOL,2021
19,INSTITUCION EDUCATIVA SAN FRANCISCO DE ASIS,ILES,2021
49,INSTITUCION EDUCATIVA SAN FRANCISCO DE ASIS,IPIALES,2021
19,INSTITUCION EDUCATIVA SAN FRANCISCO DE ASIS,LINARES,2021
114,INSTITUCION EDUCATIVA SAN FRANCISCO DE ASIS,TAQUERRES,2021
47,INSTITUCION EDUCATIVA SAN GERARDO,LEIVA,2021
14,INSTITUCION EDUCATIVA SAN IGNACIO,BUESACO,2021
13,INSTITUCION EDUCATIVA SAN ISIDRO,OSPINA,2021
1,INSTITUCION EDUCATIVA SAN JOSE CALABAZAL,OLAYA HERRERA,2021
4,INSTITUCION EDUCATIVA SAN JOSE DE CHILLANQUER,GUACHUCAL,2021
14,INSTITUCION EDUCATIVA SAN JOSE DE MATITUY,LA FLORIDA,2021
57,INSTITUCION EDUCATIVA SAN JOSE DEL TELEMBI,ROBERTO PAYAN,2021
41,INSTITUCION EDUCATIVA SAN JOSE,GUALMATAN,2021
44,INSTITUCION EDUCATIVA SAN JUAN BAUTISTA,SANTACRUZ,2021
14,INSTITUCION EDUCATIVA SAN JUAN DE MAYASQUER,CUMBAL,2021
33,INSTITUCION EDUCATIVA SAN JUAN,IPIALES,2021
19,INSTITUCION EDUCATIVA SAN LORENZO DE YARAMAL,IPIALES,2021
92,INSTITUCION EDUCATIVA SAN LUIS GONZAGA,TAQUERRES,2021
10,INSTITUCION EDUCATIVA SAN MATEO,PUERRES,2021
46,INSTITUCION EDUCATIVA SAN PEDRO DE CARTAGO,SAN PEDRO DE CARTAGO,2021
31,INSTITUCION EDUCATIVA SAN PEDRO,CUMBITARA,2021
18,INSTITUCION EDUCATIVA SAN PEDRO,EL TAMBO,2021
44,INSTITUCION EDUCATIVA SAN SEBASTIAN DE YASCUAL,TAQUERRES,2021
8,INSTITUCION EDUCATIVA SANTA MARIA,BUESACO,2021
15,INSTITUCION EDUCATIVA SANTA MARTHA,SAN LORENZO,2021
16,INSTITUCION EDUCATIVA SANTA ROSA DE LIMA,BUESACO,2021
13,INSTITUCION EDUCATIVA SANTA ROSA DE LIMA,EL ROSARIO,2021
6,INSTITUCION EDUCATIVA SANTA TERESITA DE ALTAQUER,BARBACOAS,2021
21,INSTITUCION EDUCATIVA SANTANDER,CARDOBA,2021
12,INSTITUCION EDUCATIVA SANTANDER,LA UNIAN,2021
152,INSTITUCION EDUCATIVA SANTO TOMAS DE AQUINO,SANDONA,2021
63,INSTITUCION EDUCATIVA SEAOR DEL MAR,FRANCISCO PIZARRO,2021
16,INSTITUCION EDUCATIVA SEBASTIAN DE BELALCAZAR,SAPUYES,2021
189,INSTITUCION EDUCATIVA SIMON BOLIVAR,SAMANIEGO,2021
52,INSTITUCION EDUCATIVA SOFONIAS YACUP,LA TOLA,2021
157,INSTITUCION EDUCATIVA SUCRE,IPIALES,2021
26,INSTITUCION EDUCATIVA TACNICA AGROPECUARIA Y DE SISTEMAS SIMON ALVAREZ,SAMANIEGO,2021
6,INSTITUCION EDUCATIVA TACNICA COMERCIAL PANGAS,LOS ANDES,2021
12,INSTITUCION EDUCATIVA TACNICO AGROPECUARIA RODRIGO LARA BONILLA,LA LLANADA,2021
17,INSTITUCION EDUCATIVA TECNICA  NUESTRA SEAORA DE LOURDES,SANTACRUZ,2021
30,INSTITUCION EDUCATIVA TECNICA AGRICOLA JOSE MARIA HERNANDEZ,PUPIALES,2021
17,INSTITUCION EDUCATIVA TECNICA AGROECOLOGICA DEL RESGUARDO DE MALES,CARDOBA,2021
30,INSTITUCION EDUCATIVA TECNICA AGROPECUARIA EL EMPALME,IPIALES,2021
16,INSTITUCION EDUCATIVA TECNICA AGROPECUARIA INDIGENA CUMBE,CUMBAL,2021
14,INSTITUCION EDUCATIVA TECNICA AGROPECUARIA INDIGENA DEL RESGUARDO DE MALES.,CARDOBA,2021
12,INSTITUCION EDUCATIVA TECNICA AGROPECUARIA INDIGENA LIBARDO RAMIRO MUAOZ,GUACHUCAL,2021
18,INSTITUCION EDUCATIVA TECNICA AGROPECUARIA SALINAS,SAN LORENZO,2021
28,INSTITUCION EDUCATIVA TECNICA AGROPECUARIA SAN DIEGO,GUACHUCAL,2021
32,INSTITUCION EDUCATIVA TECNICA AGROPECUARIA SAN GERARDO,SAN LORENZO,2021
27,INSTITUCION EDUCATIVA TECNICA AGROPECUARIA SANTA CECILIA,SAN LORENZO,2021
47,INSTITUCION EDUCATIVA TECNICA COMERCIAL SAN JUAN BAUTISTA,EL CHARCO,2021
17,INSTITUCION EDUCATIVA TECNICA EL ESPINO,SAPUYES,2021
14,INSTITUCION EDUCATIVA TECNICA INDUSTRIAL SAN GERARDO,LA CRUZ,2021
14,INSTITUCION EDUCATIVA TECNICA MANUEL BRICEAO,SAN PABLO,2021
43,INSTITUCION EDUCATIVA TECNICA MARIA AUXILIADORA,GUAITARILLA,2021
27,INSTITUCION EDUCATIVA TECNICA PROMOCION SOCIAL,GUALMATAN,2021
36,INSTITUCION EDUCATIVA TECNICA SAN FRANCISCO DE ASIS,LA CRUZ,2021
16,INSTITUCION EDUCATIVA TECNICA SANTO TOMAS,GUALMATAN,2021
6,INSTITUCION EDUCATIVA TECNICO AGROECOLOGICO EL MOTILON,SAMANIEGO,2021
85,INSTITUCION EDUCATIVA TECNICO SAN JUAN BAUTISTA,LOS ANDES,2021
29,INSTITUCION EDUCATIVA TECNOLOGICA AGROAMBIENTAL INDIGENA AWA,BARBACOAS,2021
114,INSTITUCION EDUCATIVA TOMAS ARTURO SANCHEZ,IPIALES,2021
5,INSTITUCION EDUCATIVA VALPARAISO BAJO,SAN LORENZO,2021
10,INSTITUCION EDUCATIVA VILLAMORENO,BUESACO,2021
19,INSTITUCION EDUCATIVA YO REINARE,CUMBAL,2021
27,INSTITUCION EDUCATIVO  AGROPECUARIA INGA DE APONTE,EL TABLAN DE GAMEZ,2021
41,INSTITUCION PARA JAVENES Y ADULTOS PAULO FREIRE,IPIALES,2021
15,INSTITUTO BET - EL,PASTO,2021
34,INSTITUTO DE EDUCACIAN TACNICA INESUR,POTOSA,2021
56,INSTITUTO DE EDUCACIAN TECNICA INESUR,IPIALES,2021
52,INSTITUTO EDUCATIVO ALBERTO QUIJANO VODNIZA,PASTO,2021
4,INSTITUTO EDUCATIVO LUISEG,BUESACO,2021
18,INSTITUTO GABRIEL GARCIA MARQUEZ,SAN ANDRAS DE TUMACO,2021
10,INSTITUTO GRAN COLOMBIANO JOSE MUTIS,PASTO,2021
32,INTEC&SISTEM INSTITUTO TECNICO DE EDUCACION Y SISTEMAS,BUESACO,2021
92,LIC INTEGD DE BTO UNIVERSIDAD DE NARIAO,PASTO,2021
67,LIC SANTA TERESITA DE PASTO,PASTO,2021
47,LICEO DE LA MERCED MARIDIAZ,PASTO,2021
160,LICEO JOSE FELIX JIMENEZ,PASTO,2021
