﻿inst_nombre_institucion,estu_prgm_academico,media_global,key_muni,estu_mcpio_presentacion,inst_origen,inst_caracter_academico,anio
CORPORACION UNIVERSITARIA AUTONOMA DE NARIAO -AUNAR-PASTO,ADMINISTRACIAN DE EMPRESAS,133.68161434977577,BOGOTA D C,BOGOTÃ D.C.,NO OFICIAL - CORPORACIAN,INSTITUCIAN UNIVERSITARIA,2020
CORPORACION UNIVERSITARIA AUTONOMA DE NARIAO -AUNAR-PASTO,ADMINISTRACION DE EMPRESAS,135.6909090909091,BOGOTA D C,BOGOTÃ D.C.,NO OFICIAL - CORPORACIAN,INSTITUCIAN UNIVERSITARIA,2020
CORPORACION UNIVERSITARIA AUTONOMA DE NARIAO -AUNAR-PASTO,CONTADURAA PABLICA,134.85564304461943,BOGOTA D C,BOGOTÃ D.C.,NO OFICIAL - CORPORACIAN,INSTITUCIAN UNIVERSITARIA,2020
CORPORACION UNIVERSITARIA AUTONOMA DE NARIAO -AUNAR-PASTO,INGENIERAA INFORMATICA,138.1875,BOGOTA D C,BOGOTÃ D.C.,NO OFICIAL - CORPORACIAN,INSTITUCIAN UNIVERSITARIA,2020
CORPORACION UNIVERSITARIA AUTONOMA DE NARIAO -AUNAR-PASTO,INGENIERAA INFORMATICA,142.3,BOGOTA D C,BOGOTÃ D.C.,NO OFICIAL - CORPORACIAN,INSTITUCIAN UNIVERSITARIA,2020
CORPORACION UNIVERSITARIA AUTONOMA DE NARIAO -AUNAR-PASTO,INGENIERIA ELECTRONICA,137.0,BOGOTA D C,BOGOTÃ D.C.,NO OFICIAL - CORPORACIAN,INSTITUCIAN UNIVERSITARIA,2020
CORPORACION UNIVERSITARIA AUTONOMA DE NARIAO -AUNAR-PASTO,INGENIERIA MECANICA,140.24561403508773,BOGOTA D C,BOGOTÃ D.C.,NO OFICIAL - CORPORACIAN,INSTITUCIAN UNIVERSITARIA,2020
CORPORACION UNIVERSITARIA AUTONOMA DE NARIAO -AUNAR-PASTO,SEGURIDAD Y SALUD EN EL TRABAJO,126.10909090909091,BOGOTA D C,BOGOTÃ D.C.,NO OFICIAL - CORPORACIAN,INSTITUCIAN UNIVERSITARIA,2020
FUNDACION UNIVERSITARIA CATOLICA DEL SUR - UNICATOLICA DEL SUR-PASTO,ADMINISTRACION DE SERVICIOS DE SALUD,141.7391304347826,BOGOTA D C,BOGOTÃ D.C.,NO OFICIAL - FUNDACIAN,INSTITUCIAN UNIVERSITARIA,2020
INSTITUCION UNIVERSITARIA CENTRO DE ESTUDIOS SUPERIORES MARIA GORETTI-PASTO,ADMINISTRACION DE EMPRESAS,136.07692307692307,BOGOTA D C,BOGOTÃ D.C.,NO OFICIAL - FUNDACIAN,INSTITUCIAN UNIVERSITARIA,2020
INSTITUCION UNIVERSITARIA CENTRO DE ESTUDIOS SUPERIORES MARIA GORETTI-PASTO,ARQUITECTURA,141.8846153846154,BOGOTA D C,BOGOTÃ D.C.,NO OFICIAL - FUNDACIAN,INSTITUCIAN UNIVERSITARIA,2020
INSTITUCION UNIVERSITARIA CENTRO DE ESTUDIOS SUPERIORES MARIA GORETTI-PASTO,CONTADURIA PUBLICA,137.8909090909091,BOGOTA D C,BOGOTÃ D.C.,NO OFICIAL - FUNDACIAN,INSTITUCIAN UNIVERSITARIA,2020
INSTITUCION UNIVERSITARIA CENTRO DE ESTUDIOS SUPERIORES MARIA GORETTI-PASTO,DERECHO,145.75882352941176,BOGOTA D C,BOGOTÃ D.C.,NO OFICIAL - FUNDACIAN,INSTITUCIAN UNIVERSITARIA,2020
INSTITUCION UNIVERSITARIA CENTRO DE ESTUDIOS SUPERIORES MARIA GORETTI-PASTO,DISEAO GRAFICO,134.1153846153846,BOGOTA D C,BOGOTÃ D.C.,NO OFICIAL - FUNDACIAN,INSTITUCIAN UNIVERSITARIA,2020
INSTITUCION UNIVERSITARIA CENTRO DE ESTUDIOS SUPERIORES MARIA GORETTI-PASTO,INGENIERAA ELECTRANICA,144.60526315789474,PASTO,PASTO,NO OFICIAL - FUNDACIAN,INSTITUCIAN UNIVERSITARIA,2020
INSTITUCION UNIVERSITARIA CENTRO DE ESTUDIOS SUPERIORES MARIA GORETTI-PASTO,INGENIERIA DE SISTEMAS,149.0625,BOGOTA D C,BOGOTÃ D.C.,NO OFICIAL - FUNDACIAN,INSTITUCIAN UNIVERSITARIA,2020
INSTITUCION UNIVERSITARIA CENTRO DE ESTUDIOS SUPERIORES MARIA GORETTI-PASTO,LICENCIATURA EN EDUCACION FISICA,129.19540229885058,PASTO,PASTO,NO OFICIAL - FUNDACIAN,INSTITUCIAN UNIVERSITARIA,2020
INSTITUCION UNIVERSITARIA CENTRO DE ESTUDIOS SUPERIORES MARIA GORETTI-PASTO,LICENCIATURA EN EDUCACION INFANTIL,132.5873015873016,BOGOTA D C,BOGOTÃ D.C.,NO OFICIAL - FUNDACIAN,INSTITUCIAN UNIVERSITARIA,2020
INSTITUCION UNIVERSITARIA CENTRO DE ESTUDIOS SUPERIORES MARIA GORETTI-PASTO,LICENCIATURA EN EDUCACION PREESCOLAR,120.6923076923077,BOGOTA D C,BOGOTÃ D.C.,NO OFICIAL - FUNDACIAN,INSTITUCIAN UNIVERSITARIA,2020
INSTITUCION UNIVERSITARIA CENTRO DE ESTUDIOS SUPERIORES MARIA GORETTI-PASTO,PSICOLOGIA,136.6457142857143,BOGOTA D C,BOGOTÃ D.C.,NO OFICIAL - FUNDACIAN,INSTITUCIAN UNIVERSITARIA,2020
UNIVERSIDAD DE NARIAO-PASTO,ADMINISTRACIAN DE EMPRESAS,151.45454545454547,BOGOTA D C,BOGOTÃ D.C.,OFICIAL DEPARTAMENTAL,UNIVERSIDAD,2020
UNIVERSIDAD DE NARIAO-PASTO,ADMINISTRACION DE EMPRESAS,165.38095238095238,BOGOTA D C,BOGOTÃ D.C.,OFICIAL DEPARTAMENTAL,UNIVERSIDAD,2020
UNIVERSIDAD DE NARIAO-PASTO,ARQUITECTURA,158.13333333333333,BOGOTA D C,BOGOTÃ D.C.,OFICIAL DEPARTAMENTAL,UNIVERSIDAD,2020
UNIVERSIDAD DE NARIAO-PASTO,ARTES VISUALES,141.93333333333334,PASTO,PASTO,OFICIAL DEPARTAMENTAL,UNIVERSIDAD,2020
UNIVERSIDAD DE NARIAO-PASTO,BIOLOGIA,169.0,BOGOTA D C,BOGOTÃ D.C.,OFICIAL DEPARTAMENTAL,UNIVERSIDAD,2020
UNIVERSIDAD DE NARIAO-PASTO,COMERCIO INTERNACIONAL,156.7608695652174,BOGOTA D C,BOGOTÃ D.C.,OFICIAL DEPARTAMENTAL,UNIVERSIDAD,2020
UNIVERSIDAD DE NARIAO-PASTO,CONTADURAA PABLICA,157.34782608695653,PASTO,PASTO,OFICIAL DEPARTAMENTAL,UNIVERSIDAD,2020
UNIVERSIDAD DE NARIAO-PASTO,DERECHO,169.6326530612245,BOGOTA D C,BOGOTÃ D.C.,OFICIAL DEPARTAMENTAL,UNIVERSIDAD,2020
UNIVERSIDAD DE NARIAO-PASTO,DISEAO GRAFICO,155.0,BOGOTA D C,BOGOTÃ D.C.,OFICIAL DEPARTAMENTAL,UNIVERSIDAD,2020
UNIVERSIDAD DE NARIAO-PASTO,DISEAO GRAFICO Y MULTIMEDIAL,132.0,PASTO,PASTO,OFICIAL DEPARTAMENTAL,UNIVERSIDAD,2020
UNIVERSIDAD DE NARIAO-PASTO,DISEAO INDUSTRIAL,151.1578947368421,BOGOTA D C,BOGOTÃ D.C.,OFICIAL DEPARTAMENTAL,UNIVERSIDAD,2020
UNIVERSIDAD DE NARIAO-PASTO,ECONOMIA,160.55555555555554,BOGOTA D C,BOGOTÃ D.C.,OFICIAL DEPARTAMENTAL,UNIVERSIDAD,2020
UNIVERSIDAD DE NARIAO-PASTO,FISICA,156.54545454545453,BOGOTA D C,BOGOTÃ D.C.,OFICIAL DEPARTAMENTAL,UNIVERSIDAD,2020
UNIVERSIDAD DE NARIAO-PASTO,GEOGRAFIA APLICADA A LA ORGANIZACION DEL ESPACIO Y PLANIFICACION REGIONAL,144.61111111111111,BOGOTA D C,BOGOTÃ D.C.,OFICIAL DEPARTAMENTAL,UNIVERSIDAD,2020
UNIVERSIDAD DE NARIAO-PASTO,INGENIERIA AGROFORESTAL,144.1492537313433,BOGOTA D C,BOGOTÃ D.C.,OFICIAL DEPARTAMENTAL,UNIVERSIDAD,2020
UNIVERSIDAD DE NARIAO-PASTO,INGENIERIA AGROINDUSTRIAL,151.9375,BOGOTA D C,BOGOTÃ D.C.,OFICIAL DEPARTAMENTAL,UNIVERSIDAD,2020
UNIVERSIDAD DE NARIAO-PASTO,INGENIERIA AGRONOMICA,156.04651162790697,BOGOTA D C,BOGOTÃ D.C.,OFICIAL DEPARTAMENTAL,UNIVERSIDAD,2020
UNIVERSIDAD DE NARIAO-PASTO,INGENIERIA AMBIENTAL,159.8,BOGOTA D C,BOGOTÃ D.C.,OFICIAL DEPARTAMENTAL,UNIVERSIDAD,2020
UNIVERSIDAD DE NARIAO-PASTO,INGENIERIA CIVIL,166.48,BOGOTA D C,BOGOTÃ D.C.,OFICIAL DEPARTAMENTAL,UNIVERSIDAD,2020
UNIVERSIDAD DE NARIAO-PASTO,INGENIERIA DE SISTEMAS,153.57731958762886,BOGOTA D C,BOGOTÃ D.C.,OFICIAL DEPARTAMENTAL,UNIVERSIDAD,2020
UNIVERSIDAD DE NARIAO-PASTO,INGENIERIA ELECTRONICA,167.11764705882354,BOGOTA D C,BOGOTÃ D.C.,OFICIAL DEPARTAMENTAL,UNIVERSIDAD,2020
UNIVERSIDAD DE NARIAO-PASTO,INGENIERIA EN PRODUCCION ACUICOLA,143.11111111111111,PASTO,PASTO,OFICIAL DEPARTAMENTAL,UNIVERSIDAD,2020
UNIVERSIDAD DE NARIAO-PASTO,LICENCIATURA  EN INGLES Y FRANCES,174.52941176470588,BOGOTA D C,BOGOTÃ D.C.,OFICIAL DEPARTAMENTAL,UNIVERSIDAD,2020
UNIVERSIDAD DE NARIAO-PASTO,LICENCIATURA EN ARTES VISUALES,137.9047619047619,PASTO,PASTO,OFICIAL DEPARTAMENTAL,UNIVERSIDAD,2020
UNIVERSIDAD DE NARIAO-PASTO,LICENCIATURA EN CIENCIAS NATURALES Y EDUCACIAN AMBIENTAL,152.8,PASTO,PASTO,OFICIAL DEPARTAMENTAL,UNIVERSIDAD,2020
UNIVERSIDAD DE NARIAO-PASTO,LICENCIATURA EN CIENCIAS SOCIALES,151.0,BOGOTA D C,BOGOTÃ D.C.,OFICIAL DEPARTAMENTAL,UNIVERSIDAD,2020
UNIVERSIDAD DE NARIAO-PASTO,LICENCIATURA EN EDUCACION BASICA CON ENFASIS EN CIENCIAS NATURALES Y EDUCACION AMBIENTAL,155.0,BOGOTA D C,BOGOTÃ D.C.,OFICIAL DEPARTAMENTAL,UNIVERSIDAD,2020
UNIVERSIDAD DE NARIAO-PASTO,LICENCIATURA EN EDUCACION BASICA CON ENFASIS EN CIENCIAS SOCIALES,160.14285714285714,PASTO,PASTO,OFICIAL DEPARTAMENTAL,UNIVERSIDAD,2020
UNIVERSIDAD DE NARIAO-PASTO,LICENCIATURA EN EDUCACION PREESCOLAR Y BASICA PRIMARIA: INGLES,147.0,IPIALES,IPIALES,OFICIAL DEPARTAMENTAL,UNIVERSIDAD,2020
UNIVERSIDAD DE NARIAO-PASTO,LICENCIATURA EN ESPAAOL E INGLES,159.78846153846155,PASTO,PASTO,OFICIAL DEPARTAMENTAL,UNIVERSIDAD,2020
UNIVERSIDAD DE NARIAO-PASTO,LICENCIATURA EN FILOSOFIA Y LETRAS,147.55555555555554,BOGOTA D C,BOGOTÃ D.C.,OFICIAL DEPARTAMENTAL,UNIVERSIDAD,2020
UNIVERSIDAD DE NARIAO-PASTO,LICENCIATURA EN INFORMATICA,154.47457627118644,BOGOTA D C,BOGOTÃ D.C.,OFICIAL DEPARTAMENTAL,UNIVERSIDAD,2020
UNIVERSIDAD DE NARIAO-PASTO,LICENCIATURA EN LENGUA CASTELLANA Y LITERATURA,134.3186813186813,SAN ANDRES DE TUMACO,SAN ANDRÃS DE TUMACO,OFICIAL DEPARTAMENTAL,UNIVERSIDAD,2020
UNIVERSIDAD DE NARIAO-PASTO,LICENCIATURA EN MATEMATICAS,161.61904761904762,BOGOTA D C,BOGOTÃ D.C.,OFICIAL DEPARTAMENTAL,UNIVERSIDAD,2020
UNIVERSIDAD DE NARIAO-PASTO,LICENCIATURA EN MUSICA,145.3,BOGOTA D C,BOGOTÃ D.C.,OFICIAL DEPARTAMENTAL,UNIVERSIDAD,2020
UNIVERSIDAD DE NARIAO-PASTO,MEDICINA,170.91666666666666,BOGOTA D C,BOGOTÃ D.C.,OFICIAL DEPARTAMENTAL,UNIVERSIDAD,2020
UNIVERSIDAD DE NARIAO-PASTO,MEDICINA VETERINARIA,156.2962962962963,BOGOTA D C,BOGOTÃ D.C.,OFICIAL DEPARTAMENTAL,UNIVERSIDAD,2020
UNIVERSIDAD DE NARIAO-PASTO,MERCADEO,156.9318181818182,BOGOTA D C,BOGOTÃ D.C.,OFICIAL DEPARTAMENTAL,UNIVERSIDAD,2020
UNIVERSIDAD DE NARIAO-PASTO,PSICOLOGIA,173.25714285714287,BOGOTA D C,BOGOTÃ D.C.,OFICIAL DEPARTAMENTAL,UNIVERSIDAD,2020
UNIVERSIDAD DE NARIAO-PASTO,QUIMICA,172.85714285714286,PASTO,PASTO,OFICIAL DEPARTAMENTAL,UNIVERSIDAD,2020
UNIVERSIDAD DE NARIAO-PASTO,SOCIOLOGAA,136.5897435897436,SAN ANDRES DE TUMACO,SAN ANDRÃS DE TUMACO,OFICIAL DEPARTAMENTAL,UNIVERSIDAD,2020
UNIVERSIDAD DE NARIAO-PASTO,SOCIOLOGIA,159.66666666666666,BOGOTA D C,BOGOTÃ D.C.,OFICIAL DEPARTAMENTAL,UNIVERSIDAD,2020
UNIVERSIDAD DE NARIAO-PASTO,ZOOTECNIA,142.9655172413793,PASTO,PASTO,OFICIAL DEPARTAMENTAL,UNIVERSIDAD,2020
UNIVERSIDAD MARIANA-PASTO,ADMINISTRACION DE NEGOCIOS INTERNACIONALES,139.88636363636363,PASTO,BOGOTÃ D.C.,NO OFICIAL - FUNDACIAN,UNIVERSIDAD,2020
UNIVERSIDAD MARIANA-PASTO,COMUNICACION SOCIAL,143.45454545454547,PASTO,BOGOTÃ D.C.,NO OFICIAL - FUNDACIAN,UNIVERSIDAD,2020
UNIVERSIDAD MARIANA-PASTO,CONTADURIA PUBLICA,146.3398058252427,PASTO,BOGOTÃ D.C.,NO OFICIAL - FUNDACIAN,UNIVERSIDAD,2020
UNIVERSIDAD MARIANA-PASTO,DERECHO,149.90579710144928,PASTO,BOGOTÃ D.C.,NO OFICIAL - FUNDACIAN,UNIVERSIDAD,2020
UNIVERSIDAD MARIANA-PASTO,ENFERMERIA,148.53488372093022,PASTO,BOGOTÃ D.C.,NO OFICIAL - FUNDACIAN,UNIVERSIDAD,2020
UNIVERSIDAD MARIANA-PASTO,FISIOTERAPIA,146.1864406779661,PASTO,BOGOTÃ D.C.,NO OFICIAL - FUNDACIAN,UNIVERSIDAD,2020
UNIVERSIDAD MARIANA-PASTO,INGENIERIA AMBIENTAL,148.421875,PASTO,BOGOTÃ D.C.,NO OFICIAL - FUNDACIAN,UNIVERSIDAD,2020
UNIVERSIDAD MARIANA-PASTO,INGENIERIA CIVIL,156.06896551724137,PASTO,BOGOTÃ D.C.,NO OFICIAL - FUNDACIAN,UNIVERSIDAD,2020
UNIVERSIDAD MARIANA-PASTO,INGENIERIA DE PROCESOS,151.42307692307693,PASTO,BOGOTÃ D.C.,NO OFICIAL - FUNDACIAN,UNIVERSIDAD,2020
UNIVERSIDAD MARIANA-PASTO,INGENIERIA DE SISTEMAS,156.26666666666668,PASTO,BOGOTÃ D.C.,NO OFICIAL - FUNDACIAN,UNIVERSIDAD,2020
UNIVERSIDAD MARIANA-PASTO,INGENIERIA MECATRONICA,149.35714285714286,PASTO,PASTO,NO OFICIAL - FUNDACIAN,UNIVERSIDAD,2020
UNIVERSIDAD MARIANA-PASTO,LICENCIATURA EN EDUCACIAN BASICA PRIMARIA,132.59375,PASTO,BOGOTÃ D.C.,NO OFICIAL - FUNDACIAN,UNIVERSIDAD,2020
UNIVERSIDAD MARIANA-PASTO,LICENCIATURA EN EDUCACION PREESCOLAR,127.45454545454545,PASTO,BOGOTÃ D.C.,NO OFICIAL - FUNDACIAN,UNIVERSIDAD,2020
UNIVERSIDAD MARIANA-PASTO,NUTRICION Y DIETETICA,147.25333333333333,PASTO,BOGOTÃ D.C.,NO OFICIAL - FUNDACIAN,UNIVERSIDAD,2020
UNIVERSIDAD MARIANA-PASTO,PROFESIONAL EN MERCADEO,136.52857142857144,PASTO,BOGOTÃ D.C.,NO OFICIAL - FUNDACIAN,UNIVERSIDAD,2020
UNIVERSIDAD MARIANA-PASTO,PSICOLOGIA,140.97058823529412,PASTO,MOCOA,NO OFICIAL - FUNDACIAN,UNIVERSIDAD,2020
UNIVERSIDAD MARIANA-PASTO,TERAPIA OCUPACIONAL,141.59259259259258,PASTO,BOGOTÃ D.C.,NO OFICIAL - FUNDACIAN,UNIVERSIDAD,2020
UNIVERSIDAD MARIANA-PASTO,TRABAJO SOCIAL,142.91044776119404,PASTO,BOGOTÃ D.C.,NO OFICIAL - FUNDACIAN,UNIVERSIDAD,2020
