﻿anio,programa_id,n,va_promedio,sd,ic95_inf,ic95_sup,inst_nombre_institucion,estu_prgm_academico,key_muni,media_obs,media_pred
2024,UNIVERSIDAD DE NARIAO-PASTO | INGENIERAA DE SISTEMAS | PASTO,5026,23.22551482292081,0.005928218204483908,23.225350926673446,23.225678719168176,UNIVERSIDAD DE NARIAO-PASTO,INGENIERAA DE SISTEMAS,PASTO,176.0,152.77448517707919
2024,UNIVERSIDAD DE NARIAO-PASTO | INGENIERIA ELECTRONICA | PASTO,5026,19.687053284459264,0.005928218204483908,19.6868893882119,19.68721718070663,UNIVERSIDAD DE NARIAO-PASTO,INGENIERIA ELECTRONICA,PASTO,172.46153846153845,152.77448517707919
2024,UNIVERSIDAD MARIANA-PASTO | INGENIERIA CIVIL | PASTO,5026,16.141002892232034,0.005935213823186649,16.140838802578216,16.141166981885853,UNIVERSIDAD MARIANA-PASTO,INGENIERIA CIVIL,PASTO,156.7846153846154,140.64361249238337
2024,UNIVERSIDAD DE NARIAO-PASTO | LICENCIATURA EN LENGUAS EXTRANJERAS CON ANFASIS EN INGLAS | PASTO,5026,15.533207130613132,0.005928218204512834,15.533043234365765,15.533371026860499,UNIVERSIDAD DE NARIAO-PASTO,LICENCIATURA EN LENGUAS EXTRANJERAS CON ANFASIS EN INGLAS,PASTO,168.30769230769232,152.77448517707919
2024,UNIVERSIDAD DE NARIAO-PASTO | LICENCIATURA EN MATEMATICAS | PASTO,5026,13.582657680063672,0.005928218204512834,13.582493783816306,13.582821576311039,UNIVERSIDAD DE NARIAO-PASTO,LICENCIATURA EN MATEMATICAS,PASTO,166.35714285714286,152.77448517707919
2024,UNIVERSIDAD DE NARIAO-PASTO | PSICOLOGIA | PASTO,5026,11.582657680063674,0.005928218204512834,11.582493783816307,11.58282157631104,UNIVERSIDAD DE NARIAO-PASTO,PSICOLOGIA,PASTO,164.35714285714286,152.77448517707919
2024,INSTITUCION UNIVERSITARIA CENTRO DE ESTUDIOS SUPERIORES MARIA GORETTI-PASTO | DISEAO GRAFICO | PASTO,5026,10.775457500260007,0.005937835045461534,10.775293338137788,10.775621662382227,INSTITUCION UNIVERSITARIA CENTRO DE ESTUDIOS SUPERIORES MARIA GORETTI-PASTO,DISEAO GRAFICO,PASTO,145.8181818181818,135.0427243179218
2024,UNIVERSIDAD MARIANA-PASTO | INGENIERIA DE PROCESOS | PASTO,5026,9.606387507616644,0.005935213823163493,9.606223417962825,9.606551597270462,UNIVERSIDAD MARIANA-PASTO,INGENIERIA DE PROCESOS,PASTO,150.25,140.64361249238337
2024,UNIVERSIDAD DE NARIAO-PASTO | FISICA | PASTO,5026,8.39218148958747,0.005928218204512834,8.392017593340103,8.392345385834837,UNIVERSIDAD DE NARIAO-PASTO,FISICA,PASTO,161.16666666666666,152.77448517707919
2024,UNIVERSIDAD DE NARIAO-PASTO | COMERCIO INTERNACIONAL Y MERCADEO | PASTO,5026,8.225514822920811,0.005928218204512834,8.225350926673444,8.225678719168178,UNIVERSIDAD DE NARIAO-PASTO,COMERCIO INTERNACIONAL Y MERCADEO,PASTO,161.0,152.77448517707919
2024,UNIVERSIDAD DE NARIAO-PASTO | BIOLOGIA | PASTO,5026,7.751830612394482,0.005928218204506225,7.751666716147115,7.7519945086418485,UNIVERSIDAD DE NARIAO-PASTO,BIOLOGIA,PASTO,160.52631578947367,152.77448517707919
2024,UNIVERSIDAD DE NARIAO-PASTO | ECONOMIA | PASTO,5026,7.593935875552401,0.005928218204506225,7.593771979305035,7.594099771799768,UNIVERSIDAD DE NARIAO-PASTO,ECONOMIA,PASTO,160.3684210526316,152.77448517707919
2024,UNIVERSIDAD DE NARIAO-PASTO | DERECHO | PASTO,5026,7.585514822920825,0.005928218204506225,7.585350926673458,7.585678719168191,UNIVERSIDAD DE NARIAO-PASTO,DERECHO,PASTO,160.36,152.77448517707919
2024,UNIVERSIDAD MARIANA-PASTO | COMUNICACION SOCIAL | PASTO,5026,7.3023334535625795,0.005935213823154794,7.302169363908762,7.302497543216397,UNIVERSIDAD MARIANA-PASTO,COMUNICACION SOCIAL,PASTO,147.94594594594594,140.64361249238337
2024,UNIVERSIDAD DE NARIAO-PASTO | CONTADURAA PABLICA | PASTO,5026,7.282657680063661,0.005928218204506225,7.282493783816294,7.282821576311028,UNIVERSIDAD DE NARIAO-PASTO,CONTADURAA PABLICA,PASTO,160.05714285714285,152.77448517707919
2024,UNIVERSIDAD DE NARIAO-PASTO | LICENCIATURA EN ESPAAOL E INGLES | PASTO,5026,6.994745592151585,0.005928218204506225,6.994581695904218,6.994909488398951,UNIVERSIDAD DE NARIAO-PASTO,LICENCIATURA EN ESPAAOL E INGLES,PASTO,159.76923076923077,152.77448517707919
2024,UNIVERSIDAD DE NARIAO-PASTO | MEDICINA VETERINARIA | PASTO,5026,5.901985411156116,0.005928218204506225,5.901821514908749,5.902149307403483,UNIVERSIDAD DE NARIAO-PASTO,MEDICINA VETERINARIA,PASTO,158.6764705882353,152.77448517707919
2024,INSTITUCION UNIVERSITARIA CENTRO DE ESTUDIOS SUPERIORES MARIA GORETTI-PASTO | LICENCIATURA EN QUIMICA | PASTO,5026,5.790609015411536,0.005937835045465514,5.7904448532893165,5.790773177533755,INSTITUCION UNIVERSITARIA CENTRO DE ESTUDIOS SUPERIORES MARIA GORETTI-PASTO,LICENCIATURA EN QUIMICA,PASTO,140.83333333333334,135.0427243179218
2024,UNIVERSIDAD DE NARIAO-PASTO | INGENIERIA CIVIL | PASTO,5026,5.495356092762077,0.005928218204506225,5.495192196514711,5.495519989009444,UNIVERSIDAD DE NARIAO-PASTO,INGENIERIA CIVIL,PASTO,158.26984126984127,152.77448517707919
2024,INSTITUCION UNIVERSITARIA CENTRO DE ESTUDIOS SUPERIORES MARIA GORETTI-PASTO | INGENIERAA ELECTRANICA | PASTO,5026,5.357275682078199,0.005937835045465514,5.357111519955979,5.357439844200418,INSTITUCION UNIVERSITARIA CENTRO DE ESTUDIOS SUPERIORES MARIA GORETTI-PASTO,INGENIERAA ELECTRANICA,PASTO,140.4,135.0427243179218
2024,UNIVERSIDAD MARIANA-PASTO | FISIOTERAPIA | PASTO,5026,5.048695199924323,0.005935213823154794,5.048531110270505,5.04885928957814,UNIVERSIDAD MARIANA-PASTO,FISIOTERAPIA,PASTO,145.69230769230768,140.64361249238337
2024,UNIVERSIDAD DE NARIAO-PASTO | ADMINISTRACION DE EMPRESAS | PASTO,5026,4.901985411156116,0.005928218204506225,4.901821514908749,4.902149307403483,UNIVERSIDAD DE NARIAO-PASTO,ADMINISTRACION DE EMPRESAS,PASTO,157.6764705882353,152.77448517707919
2024,UNIVERSIDAD MARIANA-PASTO | INGENIERIA AMBIENTAL | PASTO,5026,4.507902659131799,0.005935213823154794,4.507738569477982,4.508066748785617,UNIVERSIDAD MARIANA-PASTO,INGENIERIA AMBIENTAL,PASTO,145.15151515151516,140.64361249238337
2024,INSTITUCION UNIVERSITARIA CENTRO DE ESTUDIOS SUPERIORES MARIA GORETTI-PASTO | INGENIERIA DE SISTEMAS | PASTO,5026,4.380352605155128,0.005937835045465514,4.3801884430329086,4.3805167672773475,INSTITUCION UNIVERSITARIA CENTRO DE ESTUDIOS SUPERIORES MARIA GORETTI-PASTO,INGENIERIA DE SISTEMAS,PASTO,139.42307692307693,135.0427243179218
2024,UNIVERSIDAD MARIANA-PASTO | INGENIERIA MECATRONICA | PASTO,5026,4.29578144701058,0.005935213823154794,4.295617357356763,4.295945536664398,UNIVERSIDAD MARIANA-PASTO,INGENIERIA MECATRONICA,PASTO,144.93939393939394,140.64361249238337
2024,UNIVERSIDAD MARIANA-PASTO | INGENIERIA DE SISTEMAS | PASTO,5026,3.9461310973602344,0.005935213823155679,3.9459670077064164,3.9462951870140524,UNIVERSIDAD MARIANA-PASTO,INGENIERIA DE SISTEMAS,PASTO,144.5897435897436,140.64361249238337
2024,UNIVERSIDAD MARIANA-PASTO | PSICOLOGIA | PASTO,5026,3.9304615816907194,0.005935213823155679,3.9302974920369014,3.9306256713445373,UNIVERSIDAD MARIANA-PASTO,PSICOLOGIA,PASTO,144.57407407407408,140.64361249238337
2024,UNIVERSIDAD MARIANA-PASTO | DERECHO | PASTO,5026,3.58161273284186,0.005935213823155679,3.581448643188042,3.581776822495678,UNIVERSIDAD MARIANA-PASTO,DERECHO,PASTO,144.22522522522522,140.64361249238337
2024,INSTITUCION UNIVERSITARIA CENTRO DE ESTUDIOS SUPERIORES MARIA GORETTI-PASTO | DERECHO | PASTO,5026,3.575804292432412,0.005937835045470373,3.575640130310192,3.5759684545546317,INSTITUCION UNIVERSITARIA CENTRO DE ESTUDIOS SUPERIORES MARIA GORETTI-PASTO,DERECHO,PASTO,138.61852861035422,135.0427243179218
2024,UNIVERSIDAD DE NARIAO-PASTO | INGENIERIA AGROINDUSTRIAL | PASTO,5026,3.3088481562541543,0.005928218204502205,3.3086842600067876,3.309012052501521,UNIVERSIDAD DE NARIAO-PASTO,INGENIERIA AGROINDUSTRIAL,PASTO,156.08333333333334,152.77448517707919
2024,UNIVERSIDAD DE NARIAO-PASTO | ARQUITECTURA | PASTO,5026,2.529862649007779,0.005928218204502205,2.5296987527604125,2.530026545255146,UNIVERSIDAD DE NARIAO-PASTO,ARQUITECTURA,PASTO,155.30434782608697,152.77448517707919
2024,UNIVERSIDAD MARIANA-PASTO | ADMINISTRACION DE NEGOCIOS INTERNACIONALES | PASTO,5026,2.4616506655113835,0.005935213823155679,2.4614865758575655,2.4618147551652014,UNIVERSIDAD MARIANA-PASTO,ADMINISTRACION DE NEGOCIOS INTERNACIONALES,PASTO,143.10526315789474,140.64361249238337
2024,UNIVERSIDAD MARIANA-PASTO | NUTRICION Y DIETETICA | PASTO,5026,2.3690457354647503,0.005935213823155679,2.3688816458109323,2.3692098251185683,UNIVERSIDAD MARIANA-PASTO,NUTRICION Y DIETETICA,PASTO,143.0126582278481,140.64361249238337
2024,CORPORACION UNIVERSITARIA AUTONOMA DE NARIAO -AUNAR-PASTO | ADMINISTRACION DE EMPRESAS | PASTO,5026,2.2816358996975907,0.005937667248998475,2.2814717422144057,2.2818000571807757,CORPORACION UNIVERSITARIA AUTONOMA DE NARIAO -AUNAR-PASTO,ADMINISTRACION DE EMPRESAS,PASTO,135.6451612903226,133.363525390625
2024,UNIVERSIDAD MARIANA-PASTO | CONTADURIA PUBLICA | PASTO,5026,2.1772830300047143,0.005935213823155679,2.1771189403508964,2.1774471196585323,UNIVERSIDAD MARIANA-PASTO,CONTADURIA PUBLICA,PASTO,142.82089552238807,140.64361249238337
2024,UNIVERSIDAD DE NARIAO-PASTO | LICENCIATURA EN CIENCIAS SOCIALES | PASTO,5026,1.9921814895874919,0.005928218204504002,1.9920175933401252,1.9923453858348585,UNIVERSIDAD DE NARIAO-PASTO,LICENCIATURA EN CIENCIAS SOCIALES,PASTO,154.76666666666668,152.77448517707919
2024,UNIVERSIDAD MARIANA-PASTO | MERCADEO | PASTO,5026,1.0706732219023658,0.0059352138231532296,1.070509132248548,1.0708373115561836,UNIVERSIDAD MARIANA-PASTO,MERCADEO,PASTO,141.71428571428572,140.64361249238337
2024,UNIVERSIDAD MARIANA-PASTO | ENFERMERIA | PASTO,5026,0.6851546309043054,0.005935213823156569,0.6849905412504875,0.6853187205581233,UNIVERSIDAD MARIANA-PASTO,ENFERMERIA,PASTO,141.32876712328766,140.64361249238337
2024,UNIVERSIDAD DE NARIAO-PASTO | INGENIERIA AMBIENTAL | PASTO,5026,0.4477370451430403,0.005928218204502951,0.4475731488956737,0.4479009413904069,UNIVERSIDAD DE NARIAO-PASTO,INGENIERIA AMBIENTAL,PASTO,153.22222222222223,152.77448517707919
2024,CORPORACION UNIVERSITARIA AUTONOMA DE NARIAO -AUNAR-PASTO | INGENIERIA MECANICA | PASTO,5026,0.23647460937499432,0.005937667248995736,0.23631045189180944,0.2366387668581792,CORPORACION UNIVERSITARIA AUTONOMA DE NARIAO -AUNAR-PASTO,INGENIERIA MECANICA,PASTO,133.6,133.363525390625
2024,INSTITUCION UNIVERSITARIA CENTRO DE ESTUDIOS SUPERIORES MARIA GORETTI-PASTO | ARQUITECTURA | PASTO,5026,0.20980093460345312,0.005937835045463714,0.2096367724812333,0.20996509672567293,INSTITUCION UNIVERSITARIA CENTRO DE ESTUDIOS SUPERIORES MARIA GORETTI-PASTO,ARQUITECTURA,PASTO,135.25252525252526,135.0427243179218
2024,INSTITUCION UNIVERSITARIA CENTRO DE ESTUDIOS SUPERIORES MARIA GORETTI-PASTO | ADMINISTRACION DE EMPRESAS | PASTO,5026,-0.1336334088309001,0.005937835045463715,-0.13379757095311992,-0.1334692467086803,INSTITUCION UNIVERSITARIA CENTRO DE ESTUDIOS SUPERIORES MARIA GORETTI-PASTO,ADMINISTRACION DE EMPRESAS,PASTO,134.9090909090909,135.0427243179218
2024,INSTITUCION UNIVERSITARIA CENTRO DE ESTUDIOS SUPERIORES MARIA GORETTI-PASTO | LICENCIATURA EN EDUCACION INFANTIL | PASTO,5026,-0.34272431792181796,0.005937835045463194,-0.34288848004403777,-0.34256015579959814,INSTITUCION UNIVERSITARIA CENTRO DE ESTUDIOS SUPERIORES MARIA GORETTI-PASTO,LICENCIATURA EN EDUCACION INFANTIL,PASTO,134.7,135.0427243179218
2024,UNIVERSIDAD DE NARIAO-PASTO | DISEAO GRAFICO | PASTO,5026,-0.6235417808527784,0.005928218204503498,-0.623705677100145,-0.6233778846054119,UNIVERSIDAD DE NARIAO-PASTO,DISEAO GRAFICO,PASTO,152.1509433962264,152.77448517707919
2024,CORPORACION UNIVERSITARIA AUTONOMA DE NARIAO -AUNAR-PASTO | INGENIERIA ELECTRONICA | PASTO,5026,-1.1413031684027715,0.005937667248995683,-1.1414673258859562,-1.1411390109195867,CORPORACION UNIVERSITARIA AUTONOMA DE NARIAO -AUNAR-PASTO,INGENIERIA ELECTRONICA,PASTO,132.22222222222223,133.363525390625
2024,CORPORACION UNIVERSITARIA AUTONOMA DE NARIAO -AUNAR-PASTO | CONTADURAA PABLICA | PASTO,5026,-1.3196897741866565,0.005937667248995683,-1.3198539316698412,-1.3195256167034717,CORPORACION UNIVERSITARIA AUTONOMA DE NARIAO -AUNAR-PASTO,CONTADURAA PABLICA,PASTO,132.04383561643834,133.363525390625
2024,UNIVERSIDAD DE NARIAO-PASTO | LICENCIATURA EN INFORMATICA | PASTO,5026,-2.0017579043519076,0.005928218204503431,-2.0019218005992743,-2.001594008104541,UNIVERSIDAD DE NARIAO-PASTO,LICENCIATURA EN INFORMATICA,PASTO,150.77272727272728,152.77448517707919
2024,UNIVERSIDAD DE NARIAO-PASTO | COMERCIO INTERNACIONAL | PASTO,5026,-3.031838118255652,0.005928218204502205,-3.0320020145030186,-3.0316742220082853,UNIVERSIDAD DE NARIAO-PASTO,COMERCIO INTERNACIONAL,PASTO,149.74264705882354,152.77448517707919
2024,UNIVERSIDAD DE NARIAO-PASTO | MEDICINA | PASTO,5026,-3.791151843745868,0.005928218204502205,-3.7913157399932347,-3.7909879474985013,UNIVERSIDAD DE NARIAO-PASTO,MEDICINA,PASTO,148.98333333333332,152.77448517707919
2024,INSTITUCION UNIVERSITARIA CENTRO DE ESTUDIOS SUPERIORES MARIA GORETTI-PASTO | CONTADURIA PUBLICA | PASTO,5026,-4.682724317921792,0.005937835045465514,-4.682888480044012,-4.682560155799573,INSTITUCION UNIVERSITARIA CENTRO DE ESTUDIOS SUPERIORES MARIA GORETTI-PASTO,CONTADURIA PUBLICA,PASTO,130.36,135.0427243179218
2024,UNIVERSIDAD DE NARIAO-PASTO | LICENCIATURA EN FILOSOFIA Y LETRAS | PASTO,5026,-5.874485177079183,0.005928218204506225,-5.87464907332655,-5.874321280831817,UNIVERSIDAD DE NARIAO-PASTO,LICENCIATURA EN FILOSOFIA Y LETRAS,PASTO,146.9,152.77448517707919
2024,UNIVERSIDAD DE NARIAO-PASTO | INGENIERIA AGRONOMICA | IPIALES,1509,-6.013110361269891,0.005882502883621119,-6.013407167901477,-6.012813554638305,UNIVERSIDAD DE NARIAO-PASTO,INGENIERIA AGRONOMICA,IPIALES,146.76,152.7731103612699
2024,UNIVERSIDAD DE NARIAO-PASTO | MERCADEO | PASTO,5026,-6.704309738482695,0.005928218204506225,-6.7044736347300615,-6.704145842235328,UNIVERSIDAD DE NARIAO-PASTO,MERCADEO,PASTO,146.0701754385965,152.77448517707919
2024,UNIVERSIDAD DE NARIAO-PASTO | ADMINISTRACIAN DE EMPRESAS | PASTO,5026,-7.53719704148597,0.005928218204506225,-7.537360937733337,-7.5370331452386035,UNIVERSIDAD DE NARIAO-PASTO,ADMINISTRACIAN DE EMPRESAS,PASTO,145.23728813559322,152.77448517707919
2024,FUNDACION UNIVERSITARIA CATOLICA DEL SUR - UNICATOLICA DEL SUR-PASTO | ADMINISTRACION DE SERVICIOS DE SALUD | PASTO,5026,-7.606360681558169,0.005937835045465514,-7.606524843680388,-7.606196519435949,FUNDACION UNIVERSITARIA CATOLICA DEL SUR - UNICATOLICA DEL SUR-PASTO,ADMINISTRACION DE SERVICIOS DE SALUD,PASTO,127.43636363636365,135.0427243179218
2024,UNIVERSIDAD DE NARIAO-PASTO | LICENCIATURA EN MUSICA | PASTO,5026,-8.298294700888707,0.005928218204512834,-8.298458597136074,-8.29813080464134,UNIVERSIDAD DE NARIAO-PASTO,LICENCIATURA EN MUSICA,PASTO,144.47619047619048,152.77448517707919
2024,UNIVERSIDAD MARIANA-PASTO | TRABAJO SOCIAL | PASTO,5026,-8.843612492383345,0.005935213823163493,-8.843776582037163,-8.843448402729527,UNIVERSIDAD MARIANA-PASTO,TRABAJO SOCIAL,PASTO,131.8,140.64361249238337
2024,UNIVERSIDAD DE NARIAO-PASTO | GEOGRAFIA | PASTO,5026,-8.969607128298694,0.005928218204512834,-8.969771024546061,-8.969443232051328,UNIVERSIDAD DE NARIAO-PASTO,GEOGRAFIA,PASTO,143.8048780487805,152.77448517707919
2024,UNIVERSIDAD DE NARIAO-PASTO | ARTES VISUALES | PASTO,5026,-9.38738840288565,0.005928218204512834,-9.387552299133016,-9.387224506638283,UNIVERSIDAD DE NARIAO-PASTO,ARTES VISUALES,PASTO,143.38709677419354,152.77448517707919
2024,UNIVERSIDAD MARIANA-PASTO | LICENCIATURA EN EDUCACIAN BASICA PRIMARIA | PASTO,5026,-9.49361249238335,0.005935213823163493,-9.49377658203717,-9.493448402729532,UNIVERSIDAD MARIANA-PASTO,LICENCIATURA EN EDUCACIAN BASICA PRIMARIA,PASTO,131.15,140.64361249238337
2024,UNIVERSIDAD DE NARIAO-PASTO | DISEAO GRAFICO Y MULTIMEDIAL | PASTO,5026,-10.10781851041253,0.005928218204512834,-10.107982406659897,-10.107654614165163,UNIVERSIDAD DE NARIAO-PASTO,DISEAO GRAFICO Y MULTIMEDIAL,PASTO,142.66666666666666,152.77448517707919
2024,UNIVERSIDAD DE NARIAO-PASTO | DISEAO INDUSTRIAL | PASTO,5026,-11.628651843745846,0.005928218204512834,-11.628815739993213,-11.62848794749848,UNIVERSIDAD DE NARIAO-PASTO,DISEAO INDUSTRIAL,PASTO,141.14583333333334,152.77448517707919
2024,UNIVERSIDAD MARIANA-PASTO | TERAPIA OCUPACIONAL | PASTO,5026,-11.774047274992045,0.005935213823163493,-11.774211364645863,-11.773883185338226,UNIVERSIDAD MARIANA-PASTO,TERAPIA OCUPACIONAL,PASTO,128.8695652173913,140.64361249238337
2024,UNIVERSIDAD DE NARIAO-PASTO | LICENCIATURA EN ARTES VISUALES | PASTO,5026,-12.180735177079189,0.005928218204512834,-12.180899073326556,-12.180571280831822,UNIVERSIDAD DE NARIAO-PASTO,LICENCIATURA EN ARTES VISUALES,PASTO,140.59375,152.77448517707919
2024,UNIVERSIDAD MARIANA-PASTO | LICENCIATURA EN EDUCACION INFANTIL | PASTO,5026,-13.883612492383351,0.005935213823163493,-13.88377658203717,-13.883448402729533,UNIVERSIDAD MARIANA-PASTO,LICENCIATURA EN EDUCACION INFANTIL,PASTO,126.76,140.64361249238337
2024,UNIVERSIDAD DE NARIAO-PASTO | LICENCIATURA EN LENGUA CASTELLANA Y LITERATURA | PASTO,5026,-14.125836528430543,0.005928218204512834,-14.12600042467791,-14.125672632183177,UNIVERSIDAD DE NARIAO-PASTO,LICENCIATURA EN LENGUA CASTELLANA Y LITERATURA,PASTO,138.64864864864865,152.77448517707919
2024,UNIVERSIDAD DE NARIAO-PASTO | LICENCIATURA EN EDUCACION BASICA ENFASIS EN ESPAAOL Y LITERATURA | PASTO,5026,-14.774485177079189,0.005928218204512834,-14.774649073326556,-14.774321280831822,UNIVERSIDAD DE NARIAO-PASTO,LICENCIATURA EN EDUCACION BASICA ENFASIS EN ESPAAOL Y LITERATURA,PASTO,138.0,152.77448517707919
2024,INSTITUCION UNIVERSITARIA CENTRO DE ESTUDIOS SUPERIORES MARIA GORETTI-PASTO | LICENCIATURA EN EDUCACION FISICA | PASTO,5026,-17.340596658347334,0.00593783504543875,-17.34076082046955,-17.340432496225116,INSTITUCION UNIVERSITARIA CENTRO DE ESTUDIOS SUPERIORES MARIA GORETTI-PASTO,LICENCIATURA EN EDUCACION FISICA,PASTO,117.70212765957447,135.0427243179218
2024,UNIVERSIDAD DE NARIAO-PASTO | LICENCIATURA EN CIENCIAS NATURALES Y EDUCACIAN AMBIENTAL | PASTO,5026,-17.623800245572344,0.005928218204483908,-17.62396414181971,-17.62363634932498,UNIVERSIDAD DE NARIAO-PASTO,LICENCIATURA EN CIENCIAS NATURALES Y EDUCACIAN AMBIENTAL,PASTO,135.15068493150685,152.77448517707919
2024,UNIVERSIDAD MARIANA-PASTO | PROFESIONAL EN MERCADEO | PASTO,5026,-23.143612492383358,0.005935213823186649,-23.143776582037177,-23.14344840272954,UNIVERSIDAD MARIANA-PASTO,PROFESIONAL EN MERCADEO,PASTO,117.5,140.64361249238337
2024,UNIVERSIDAD DE NARIAO-PASTO | ECONOMAA | PASTO,5026,-23.5744851770792,0.005928218204483908,-23.574649073326565,-23.574321280831835,UNIVERSIDAD DE NARIAO-PASTO,ECONOMAA,PASTO,129.2,152.77448517707919
