﻿anio,programa_id,n,va_promedio,sd,ic95_inf,ic95_sup,inst_nombre_institucion,estu_prgm_academico,key_muni,media_obs,media_pred
2021,UNIVERSIDAD DE NARIAO-PASTO | BIOLOGIA | PASTO,5209,21.544994650638074,0.0,21.544994650638074,21.544994650638074,UNIVERSIDAD DE NARIAO-PASTO,BIOLOGIA,PASTO,169.28571428571428,147.7407196350762
2021,UNIVERSIDAD MARIANA-PASTO | INGENIERIA DE PROCESOS | PASTO,5209,13.64182326789637,1.066737468340524e-14,13.64182326789637,13.64182326789637,UNIVERSIDAD MARIANA-PASTO,INGENIERIA DE PROCESOS,PASTO,155.16666666666666,141.5248433987703
2021,UNIVERSIDAD MARIANA-PASTO | INGENIERIA DE SISTEMAS | PASTO,5209,8.73047575016588,1.066737468340524e-14,8.73047575016588,8.73047575016588,UNIVERSIDAD MARIANA-PASTO,INGENIERIA DE SISTEMAS,PASTO,150.25531914893617,141.5248433987703
2021,UNIVERSIDAD MARIANA-PASTO | NUTRICION Y DIETETICA | PASTO,5209,8.712656601229725,1.066737468340524e-14,8.712656601229725,8.712656601229725,UNIVERSIDAD MARIANA-PASTO,NUTRICION Y DIETETICA,PASTO,150.2375,141.5248433987703
2021,UNIVERSIDAD MARIANA-PASTO | INGENIERIA MECATRONICA | PASTO,5209,7.282848908922034,7.134116286453019e-15,7.282848908922034,7.282848908922034,UNIVERSIDAD MARIANA-PASTO,INGENIERIA MECATRONICA,PASTO,148.80769230769232,141.5248433987703
2021,UNIVERSIDAD DE NARIAO-PASTO | PSICOLOGIA | PASTO,5209,6.9467803649237965,0.0,6.9467803649237965,6.9467803649237965,UNIVERSIDAD DE NARIAO-PASTO,PSICOLOGIA,PASTO,154.6875,147.7407196350762
2021,UNIVERSIDAD MARIANA-PASTO | INGENIERIA CIVIL | PASTO,5209,6.068906601229713,7.134116286453019e-15,6.068906601229713,6.068906601229713,UNIVERSIDAD MARIANA-PASTO,INGENIERIA CIVIL,PASTO,147.59375,141.5248433987703
2021,UNIVERSIDAD MARIANA-PASTO | FISIOTERAPIA | PASTO,5209,5.233777290884888,7.134116286453019e-15,5.233777290884888,5.233777290884888,UNIVERSIDAD MARIANA-PASTO,FISIOTERAPIA,PASTO,146.75862068965517,141.5248433987703
2021,UNIVERSIDAD MARIANA-PASTO | ADMINISTRACION DE NEGOCIOS INTERNACIONALES | PASTO,5209,3.7104507188767855,5.373851938932025e-15,3.7104507188767855,3.7104507188767855,UNIVERSIDAD MARIANA-PASTO,ADMINISTRACION DE NEGOCIOS INTERNACIONALES,PASTO,145.23529411764707,141.5248433987703
2021,UNIVERSIDAD MARIANA-PASTO | COMUNICACION SOCIAL | PASTO,5209,3.058489934563056,5.373851938932025e-15,3.058489934563056,3.058489934563056,UNIVERSIDAD MARIANA-PASTO,COMUNICACION SOCIAL,PASTO,144.58333333333334,141.5248433987703
2021,UNIVERSIDAD DE NARIAO-PASTO | INGENIERIA AMBIENTAL | PASTO,5209,2.8148359204793394,0.0,2.8148359204793394,2.8148359204793394,UNIVERSIDAD DE NARIAO-PASTO,INGENIERIA AMBIENTAL,PASTO,150.55555555555554,147.7407196350762
2021,UNIVERSIDAD DE NARIAO-PASTO | MERCADEO | PASTO,5209,2.8068994125428333,0.0,2.8068994125428333,2.8068994125428333,UNIVERSIDAD DE NARIAO-PASTO,MERCADEO,PASTO,150.54761904761904,147.7407196350762
2021,UNIVERSIDAD MARIANA-PASTO | DERECHO | PASTO,5209,2.7462409385791204,5.373851938932025e-15,2.7462409385791204,2.7462409385791204,UNIVERSIDAD MARIANA-PASTO,DERECHO,PASTO,144.2710843373494,141.5248433987703
2021,UNIVERSIDAD MARIANA-PASTO | ENFERMERIA | PASTO,5209,1.7876566012297135,3.849802820602539e-15,1.7876566012297135,1.7876566012297135,UNIVERSIDAD MARIANA-PASTO,ENFERMERIA,PASTO,143.3125,141.5248433987703
2021,UNIVERSIDAD MARIANA-PASTO | INGENIERIA AMBIENTAL | PASTO,5209,0.45977198584509443,2.058962271232091e-15,0.4597719858450944,0.4597719858450945,UNIVERSIDAD MARIANA-PASTO,INGENIERIA AMBIENTAL,PASTO,141.98461538461538,141.5248433987703
2021,INSTITUCION UNIVERSITARIA CENTRO DE ESTUDIOS SUPERIORES MARIA GORETTI-PASTO | PSICOLOGIA | IPIALES,1580,2.842170943040401e-14,0.0,2.842170943040401e-14,2.842170943040401e-14,INSTITUCION UNIVERSITARIA CENTRO DE ESTUDIOS SUPERIORES MARIA GORETTI-PASTO,PSICOLOGIA,IPIALES,135.73529411764707,135.73529411764704
2021,UNIVERSIDAD MARIANA-PASTO | CONTADURIA PUBLICA | PASTO,5209,-0.47276006543694393,2.058962271232091e-15,-0.472760065436944,-0.4727600654369439,UNIVERSIDAD MARIANA-PASTO,CONTADURIA PUBLICA,PASTO,141.05208333333334,141.5248433987703
2021,UNIVERSIDAD MARIANA-PASTO | PSICOLOGIA | PASTO,5209,-0.6591717569792479,2.779717354363102e-15,-0.659171756979248,-0.6591717569792478,UNIVERSIDAD MARIANA-PASTO,PSICOLOGIA,PASTO,140.86567164179104,141.5248433987703
2021,UNIVERSIDAD MARIANA-PASTO | TERAPIA OCUPACIONAL | PASTO,5209,-0.8838177577446515,2.779717354363102e-15,-0.8838177577446517,-0.8838177577446514,UNIVERSIDAD MARIANA-PASTO,TERAPIA OCUPACIONAL,PASTO,140.64102564102564,141.5248433987703
2021,UNIVERSIDAD DE NARIAO-PASTO | LICENCIATURA EN FILOSOFIA Y LETRAS | PASTO,5209,-4.107386301742878,0.0,-4.107386301742878,-4.107386301742878,UNIVERSIDAD DE NARIAO-PASTO,LICENCIATURA EN FILOSOFIA Y LETRAS,PASTO,143.63333333333333,147.7407196350762
2021,UNIVERSIDAD DE NARIAO-PASTO | INGENIERIA EN PRODUCCION ACUICOLA | PASTO,5209,-5.99997889433547,0.0,-5.99997889433547,-5.99997889433547,UNIVERSIDAD DE NARIAO-PASTO,INGENIERIA EN PRODUCCION ACUICOLA,PASTO,141.74074074074073,147.7407196350762
2021,UNIVERSIDAD MARIANA-PASTO | PROFESIONAL EN MERCADEO | PASTO,5209,-6.897392418378132,7.134116286453019e-15,-6.897392418378132,-6.897392418378132,UNIVERSIDAD MARIANA-PASTO,PROFESIONAL EN MERCADEO,PASTO,134.62745098039215,141.5248433987703
2021,UNIVERSIDAD MARIANA-PASTO | TRABAJO SOCIAL | PASTO,5209,-8.847920321847198,1.066737468340524e-14,-8.847920321847198,-8.847920321847198,UNIVERSIDAD MARIANA-PASTO,TRABAJO SOCIAL,PASTO,132.6769230769231,141.5248433987703
2021,UNIVERSIDAD MARIANA-PASTO | LICENCIATURA EN EDUCACIAN BASICA PRIMARIA | PASTO,5209,-11.130682814828674,1.066737468340524e-14,-11.130682814828674,-11.130682814828674,UNIVERSIDAD MARIANA-PASTO,LICENCIATURA EN EDUCACIAN BASICA PRIMARIA,PASTO,130.3941605839416,141.5248433987703
2021,UNIVERSIDAD DE NARIAO-PASTO | GEOGRAFIA | PASTO,5209,-11.500719635076194,0.0,-11.500719635076194,-11.500719635076194,UNIVERSIDAD DE NARIAO-PASTO,GEOGRAFIA,PASTO,136.24,147.7407196350762
2021,UNIVERSIDAD DE NARIAO-PASTO | ARTES VISUALES | PASTO,5209,-12.505425517429131,0.0,-12.505425517429131,-12.505425517429131,UNIVERSIDAD DE NARIAO-PASTO,ARTES VISUALES,PASTO,135.23529411764707,147.7407196350762
2021,UNIVERSIDAD MARIANA-PASTO | LICENCIATURA EN EDUCACION INFANTIL | PASTO,5209,-13.649843398770289,1.066737468340524e-14,-13.649843398770289,-13.649843398770289,UNIVERSIDAD MARIANA-PASTO,LICENCIATURA EN EDUCACION INFANTIL,PASTO,127.875,141.5248433987703
2021,UNIVERSIDAD MARIANA-PASTO | LICENCIATURA EN EDUCACION PREESCOLAR | PASTO,5209,-18.891510065436947,1.4212560024595206e-14,-18.891510065436947,-18.891510065436947,UNIVERSIDAD MARIANA-PASTO,LICENCIATURA EN EDUCACION PREESCOLAR,PASTO,122.63333333333333,141.5248433987703
