﻿anio,programa_id,n,va_promedio,sd,ic95_inf,ic95_sup,inst_nombre_institucion,estu_prgm_academico,key_muni,media_obs,media_pred
2023,UNIVERSIDAD DE NARIAO-PASTO | BIOLOGIA | PASTO,5305,21.650529363157176,0.03353512275825587,21.64962693366978,21.651431792644573,UNIVERSIDAD DE NARIAO-PASTO,BIOLOGIA,PASTO,173.85714285714286,152.20661349398569
2023,UNIVERSIDAD DE NARIAO-PASTO | FISICA | PASTO,5305,18.126719839347658,0.03353512275825587,18.12581740986026,18.127622268835054,UNIVERSIDAD DE NARIAO-PASTO,FISICA,PASTO,170.33333333333334,152.20661349398569
2023,UNIVERSIDAD DE NARIAO-PASTO | LICENCIATURA EN LENGUAS EXTRANJERAS CON ANFASIS EN INGLAS | PASTO,5305,17.79338650601431,0.03353512275825587,17.792484076526915,17.794288935501708,UNIVERSIDAD DE NARIAO-PASTO,LICENCIATURA EN LENGUAS EXTRANJERAS CON ANFASIS EN INGLAS,PASTO,170.0,152.20661349398569
2023,UNIVERSIDAD MARIANA-PASTO | INGENIERIA DE SISTEMAS | PASTO,5305,13.59665860677771,0.03353512275826257,13.595756177290314,13.597561036265107,UNIVERSIDAD MARIANA-PASTO,INGENIERIA DE SISTEMAS,PASTO,153.10714285714286,139.51048425036515
2023,UNIVERSIDAD MARIANA-PASTO | INGENIERIA CIVIL | PASTO,5305,13.198376509128508,0.03353512275826257,13.197474079641111,13.199278938615905,UNIVERSIDAD MARIANA-PASTO,INGENIERIA CIVIL,PASTO,152.70886075949366,139.51048425036515
2023,UNIVERSIDAD MARIANA-PASTO | INGENIERIA DE PROCESOS | PASTO,5305,12.61451574963485,0.03353512275826257,12.613613320147453,12.615418179122246,UNIVERSIDAD MARIANA-PASTO,INGENIERIA DE PROCESOS,PASTO,152.125,139.51048425036515
2023,UNIVERSIDAD DE NARIAO-PASTO | INGENIERIA ELECTRONICA | PASTO,5305,12.102910315538109,0.03353512275826036,12.102007886050712,12.103812745025506,UNIVERSIDAD DE NARIAO-PASTO,INGENIERIA ELECTRONICA,PASTO,164.3095238095238,152.20661349398569
2023,UNIVERSIDAD DE NARIAO-PASTO | QUIMICA | PASTO,5305,11.293386506014315,0.03353512275826036,11.292484076526918,11.294288935501712,UNIVERSIDAD DE NARIAO-PASTO,QUIMICA,PASTO,163.5,152.20661349398569
2023,UNIVERSIDAD DE NARIAO-PASTO | DERECHO | PASTO,5305,11.064815077442885,0.03353512275826036,11.063912647955489,11.065717506930282,UNIVERSIDAD DE NARIAO-PASTO,DERECHO,PASTO,163.27142857142857,152.20661349398569
2023,INSTITUCION UNIVERSITARIA CENTRO DE ESTUDIOS SUPERIORES MARIA GORETTI-PASTO | INGENIERAA ELECTRANICA | PASTO,5305,9.725984280277611,0.033535122758264695,9.725081850790215,9.726886709765008,INSTITUCION UNIVERSITARIA CENTRO DE ESTUDIOS SUPERIORES MARIA GORETTI-PASTO,INGENIERAA ELECTRANICA,PASTO,144.72916666666666,135.00318238638906
2023,UNIVERSIDAD MARIANA-PASTO | DERECHO | PASTO,5305,9.166935104473568,0.03353512275826257,9.166032674986171,9.167837533960965,UNIVERSIDAD MARIANA-PASTO,DERECHO,PASTO,148.67741935483872,139.51048425036515
2023,UNIVERSIDAD MARIANA-PASTO | INGENIERIA AMBIENTAL | PASTO,5305,8.949515749634857,0.03353512275826257,8.94861332014746,8.950418179122254,UNIVERSIDAD MARIANA-PASTO,INGENIERIA AMBIENTAL,PASTO,148.46,139.51048425036515
2023,UNIVERSIDAD MARIANA-PASTO | FISIOTERAPIA | PASTO,5305,8.23951574963485,0.03353512275826257,8.238613320147453,8.240418179122246,UNIVERSIDAD MARIANA-PASTO,FISIOTERAPIA,PASTO,147.75,139.51048425036515
2023,UNIVERSIDAD MARIANA-PASTO | PSICOLOGIA | PASTO,5305,7.8766125238283875,0.0335351227582692,7.87571009434099,7.877514953315785,UNIVERSIDAD MARIANA-PASTO,PSICOLOGIA,PASTO,147.38709677419354,139.51048425036515
2023,CORPORACION UNIVERSITARIA AUTONOMA DE NARIAO -AUNAR-PASTO | INGENIERIA ELECTRONICA | PASTO,5305,6.586014069219773,0.033535122758268913,6.585111639732375,6.58691649870717,CORPORACION UNIVERSITARIA AUTONOMA DE NARIAO -AUNAR-PASTO,INGENIERIA ELECTRONICA,PASTO,146.42857142857142,139.84255735935164
2023,UNIVERSIDAD DE NARIAO-PASTO | ADMINISTRACION DE EMPRESAS | PASTO,5305,6.17975014237794,0.033535122758269385,6.178847712890542,6.180652571865338,UNIVERSIDAD DE NARIAO-PASTO,ADMINISTRACION DE EMPRESAS,PASTO,158.38636363636363,152.20661349398569
2023,UNIVERSIDAD DE NARIAO-PASTO | INGENIERIA AGROINDUSTRIAL | PASTO,5305,5.955548668176475,0.033535122758269385,5.954646238689078,5.956451097663873,UNIVERSIDAD DE NARIAO-PASTO,INGENIERIA AGROINDUSTRIAL,PASTO,158.16216216216216,152.20661349398569
2023,INSTITUCION UNIVERSITARIA CENTRO DE ESTUDIOS SUPERIORES MARIA GORETTI-PASTO | DERECHO | PASTO,5305,5.939945575696253,0.033535122758268046,5.9390431462088555,5.940848005183651,INSTITUCION UNIVERSITARIA CENTRO DE ESTUDIOS SUPERIORES MARIA GORETTI-PASTO,DERECHO,PASTO,140.9431279620853,135.00318238638906
2023,UNIVERSIDAD DE NARIAO-PASTO | SOCIOLOGIA | PASTO,5305,4.706429984275188,0.033535122758269385,4.705527554787791,4.707332413762586,UNIVERSIDAD DE NARIAO-PASTO,SOCIOLOGIA,PASTO,156.91304347826087,152.20661349398569
2023,UNIVERSIDAD DE NARIAO-PASTO | COMERCIO INTERNACIONAL | PASTO,5305,4.19338650601432,0.033535122758269385,4.192484076526922,4.194288935501717,UNIVERSIDAD DE NARIAO-PASTO,COMERCIO INTERNACIONAL,PASTO,156.4,152.20661349398569
2023,UNIVERSIDAD MARIANA-PASTO | COMUNICACION SOCIAL | PASTO,5305,4.139515749634855,0.0335351227582692,4.138613320147457,4.1404181791222525,UNIVERSIDAD MARIANA-PASTO,COMUNICACION SOCIAL,PASTO,143.65,139.51048425036515
2023,UNIVERSIDAD DE NARIAO-PASTO | INGENIERIA AMBIENTAL | PASTO,5305,4.010777810362128,0.033535122758269385,4.00987538087473,4.011680239849525,UNIVERSIDAD DE NARIAO-PASTO,INGENIERIA AMBIENTAL,PASTO,156.2173913043478,152.20661349398569
2023,UNIVERSIDAD DE NARIAO-PASTO | PSICOLOGIA | PASTO,5305,3.607339994386421,0.03353512275827212,3.6064375648990237,3.608242423873818,UNIVERSIDAD DE NARIAO-PASTO,PSICOLOGIA,PASTO,155.8139534883721,152.20661349398569
2023,UNIVERSIDAD DE NARIAO-PASTO | LICENCIATURA EN ESPAAOL E INGLES | PASTO,5305,3.3388410514688465,0.03353512275827212,3.3379386219814493,3.3397434809562436,UNIVERSIDAD DE NARIAO-PASTO,LICENCIATURA EN ESPAAOL E INGLES,PASTO,155.54545454545453,152.20661349398569
2023,UNIVERSIDAD DE NARIAO-PASTO | INGENIERIA CIVIL | PASTO,5305,3.260053172680982,0.03353512275827212,3.259150743193585,3.260955602168379,UNIVERSIDAD DE NARIAO-PASTO,INGENIERIA CIVIL,PASTO,155.46666666666667,152.20661349398569
2023,UNIVERSIDAD DE NARIAO-PASTO | LICENCIATURA EN CIENCIAS SOCIALES | PASTO,5305,3.1797501423779404,0.03353512275827212,3.1788477128905432,3.1806525718653376,UNIVERSIDAD DE NARIAO-PASTO,LICENCIATURA EN CIENCIAS SOCIALES,PASTO,155.38636363636363,152.20661349398569
2023,INSTITUCION UNIVERSITARIA CENTRO DE ESTUDIOS SUPERIORES MARIA GORETTI-PASTO | ADMINISTRACION DE EMPRESAS | PASTO,5305,3.0877267045200476,0.03353512275827292,3.0868242750326504,3.0886291340074448,INSTITUCION UNIVERSITARIA CENTRO DE ESTUDIOS SUPERIORES MARIA GORETTI-PASTO,ADMINISTRACION DE EMPRESAS,PASTO,138.0909090909091,135.00318238638906
2023,INSTITUCION UNIVERSITARIA CENTRO DE ESTUDIOS SUPERIORES MARIA GORETTI-PASTO | LICENCIATURA EN QUIMICA | PASTO,5305,2.9134842802776113,0.03353512275827292,2.912581850790214,2.9143867097650085,INSTITUCION UNIVERSITARIA CENTRO DE ESTUDIOS SUPERIORES MARIA GORETTI-PASTO,LICENCIATURA EN QUIMICA,PASTO,137.91666666666666,135.00318238638906
2023,INSTITUCION UNIVERSITARIA CENTRO DE ESTUDIOS SUPERIORES MARIA GORETTI-PASTO | INGENIERIA DE SISTEMAS | PASTO,5305,2.496817613610954,0.03353512275827292,2.495915184123557,2.4977200430983513,INSTITUCION UNIVERSITARIA CENTRO DE ESTUDIOS SUPERIORES MARIA GORETTI-PASTO,INGENIERIA DE SISTEMAS,PASTO,137.5,135.00318238638906
2023,UNIVERSIDAD DE NARIAO-PASTO | MEDICINA VETERINARIA | PASTO,5305,1.793386506014314,0.03353512275827092,1.7924840765269165,1.7942889355017113,UNIVERSIDAD DE NARIAO-PASTO,MEDICINA VETERINARIA,PASTO,154.0,152.20661349398569
2023,UNIVERSIDAD MARIANA-PASTO | INGENIERIA MECATRONICA | PASTO,5305,1.2603490829681923,0.03353512275827152,1.2594466534807949,1.2612515124555896,UNIVERSIDAD MARIANA-PASTO,INGENIERIA MECATRONICA,PASTO,140.77083333333334,139.51048425036515
2023,INSTITUCION UNIVERSITARIA CENTRO DE ESTUDIOS SUPERIORES MARIA GORETTI-PASTO | ARQUITECTURA | PASTO,5305,1.1477610098373638,0.03353512275827195,1.1468585803499665,1.1486634393247612,INSTITUCION UNIVERSITARIA CENTRO DE ESTUDIOS SUPERIORES MARIA GORETTI-PASTO,ARQUITECTURA,PASTO,136.1509433962264,135.00318238638906
2023,UNIVERSIDAD DE NARIAO-PASTO | LICENCIATURA EN MATEMATICAS | PASTO,5305,0.6683865060143139,0.033535122758271946,0.6674840765269165,0.6692889355017113,UNIVERSIDAD DE NARIAO-PASTO,LICENCIATURA EN MATEMATICAS,PASTO,152.875,152.20661349398569
2023,UNIVERSIDAD DE NARIAO-PASTO | LICENCIATURA EN CIENCIAS NATURALES Y EDUCACIAN AMBIENTAL | PASTO,5305,0.5121365060143139,0.033535122758271946,0.5112340765269165,0.5130389355017113,UNIVERSIDAD DE NARIAO-PASTO,LICENCIATURA EN CIENCIAS NATURALES Y EDUCACIAN AMBIENTAL,PASTO,152.71875,152.20661349398569
2023,CORPORACION UNIVERSITARIA AUTONOMA DE NARIAO -AUNAR-PASTO | INGENIERIA MECANICA | PASTO,5305,0.19590417910990388,0.033535122758271446,0.19500174962250655,0.1968066085973012,CORPORACION UNIVERSITARIA AUTONOMA DE NARIAO -AUNAR-PASTO,INGENIERIA MECANICA,PASTO,140.03846153846155,139.84255735935164
2023,UNIVERSIDAD DE NARIAO-PASTO | ECONOMIA | PASTO,5305,-0.23602525869157007,0.03353512275827179,-0.2369276881789674,-0.23512282920417274,UNIVERSIDAD DE NARIAO-PASTO,ECONOMIA,PASTO,151.97058823529412,152.20661349398569
2023,UNIVERSIDAD MARIANA-PASTO | CONTADURIA PUBLICA | PASTO,5305,-0.5412534811343883,0.033535122758271155,-0.5421559106217856,-0.540351051646991,UNIVERSIDAD MARIANA-PASTO,CONTADURIA PUBLICA,PASTO,138.96923076923076,139.51048425036515
2023,UNIVERSIDAD MARIANA-PASTO | NUTRICION Y DIETETICA | PASTO,5305,-1.185484250365162,0.03353512275827152,-1.1863866798525593,-1.1845818208777645,UNIVERSIDAD MARIANA-PASTO,NUTRICION Y DIETETICA,PASTO,138.325,139.51048425036515
2023,INSTITUCION UNIVERSITARIA CENTRO DE ESTUDIOS SUPERIORES MARIA GORETTI-PASTO | CONTADURIA PUBLICA | PASTO,5305,-1.3449545382877839,0.03353512275827195,-1.3458569677751813,-1.3440521088003865,INSTITUCION UNIVERSITARIA CENTRO DE ESTUDIOS SUPERIORES MARIA GORETTI-PASTO,CONTADURIA PUBLICA,PASTO,133.65822784810126,135.00318238638906
2023,UNIVERSIDAD DE NARIAO-PASTO | CONTADURAA PABLICA | PASTO,5305,-1.3524468273190289,0.03353512275827092,-1.3533492568064263,-1.3515443978316315,UNIVERSIDAD DE NARIAO-PASTO,CONTADURAA PABLICA,PASTO,150.85416666666666,152.20661349398569
2023,UNIVERSIDAD MARIANA-PASTO | ENFERMERIA | PASTO,5305,-1.490076087099849,0.03353512275827152,-1.4909785165872464,-1.4891736576124517,UNIVERSIDAD MARIANA-PASTO,ENFERMERIA,PASTO,138.0204081632653,139.51048425036515
2023,UNIVERSIDAD DE NARIAO-PASTO | INGENIERIA AGRONOMICA | PASTO,5305,-1.57024985762206,0.03353512275827092,-1.5711522871094574,-1.5693474281346627,UNIVERSIDAD DE NARIAO-PASTO,INGENIERIA AGRONOMICA,PASTO,150.63636363636363,152.20661349398569
2023,UNIVERSIDAD MARIANA-PASTO | ADMINISTRACION DE NEGOCIOS INTERNACIONALES | PASTO,5305,-1.8003393228289304,0.03353512275827152,-1.8012417523163278,-1.799436893341533,UNIVERSIDAD MARIANA-PASTO,ADMINISTRACION DE NEGOCIOS INTERNACIONALES,PASTO,137.71014492753622,139.51048425036515
2023,UNIVERSIDAD DE NARIAO-PASTO | LICENCIATURA EN INFORMATICA | PASTO,5305,-2.1157044030765926,0.03353512275827212,-2.1166068325639897,-2.1148019735891954,UNIVERSIDAD DE NARIAO-PASTO,LICENCIATURA EN INFORMATICA,PASTO,150.0909090909091,152.20661349398569
2023,INSTITUCION UNIVERSITARIA CENTRO DE ESTUDIOS SUPERIORES MARIA GORETTI-PASTO | PSICOLOGIA | PASTO,5305,-2.1194614561564897,0.03353512275827292,-2.120363885643887,-2.1185590266690926,INSTITUCION UNIVERSITARIA CENTRO DE ESTUDIOS SUPERIORES MARIA GORETTI-PASTO,PSICOLOGIA,PASTO,132.88372093023256,135.00318238638906
2023,CORPORACION UNIVERSITARIA AUTONOMA DE NARIAO -AUNAR-PASTO | ADMINISTRACION DE EMPRESAS | PASTO,5305,-3.5758906926849634,0.033535122758270745,-3.5767931221723606,-3.5749882631975662,CORPORACION UNIVERSITARIA AUTONOMA DE NARIAO -AUNAR-PASTO,ADMINISTRACION DE EMPRESAS,PASTO,136.26666666666668,139.84255735935164
2023,UNIVERSIDAD DE NARIAO-PASTO | MERCADEO | PASTO,5305,-3.615704403076592,0.03353512275827212,-3.6166068325639893,-3.614801973589195,UNIVERSIDAD DE NARIAO-PASTO,MERCADEO,PASTO,148.5909090909091,152.20661349398569
2023,UNIVERSIDAD DE NARIAO-PASTO | ARQUITECTURA | PASTO,5305,-4.589592217389936,0.033535122758269385,-4.5904946468773336,-4.588689787902538,UNIVERSIDAD DE NARIAO-PASTO,ARQUITECTURA,PASTO,147.61702127659575,152.20661349398569
2023,UNIVERSIDAD DE NARIAO-PASTO | INGENIERIA DE SISTEMAS | PASTO,5305,-4.758994446366644,0.033535122758269385,-4.759896875854041,-4.758092016879246,UNIVERSIDAD DE NARIAO-PASTO,INGENIERIA DE SISTEMAS,PASTO,147.44761904761904,152.20661349398569
2023,INSTITUCION UNIVERSITARIA CENTRO DE ESTUDIOS SUPERIORES MARIA GORETTI-PASTO | DISEAO GRAFICO | PASTO,5305,-5.142071275277932,0.033535122758268046,-5.142973704765329,-5.141168845790534,INSTITUCION UNIVERSITARIA CENTRO DE ESTUDIOS SUPERIORES MARIA GORETTI-PASTO,DISEAO GRAFICO,PASTO,129.86111111111111,135.00318238638906
2023,UNIVERSIDAD DE NARIAO-PASTO | LICENCIATURA EN FILOSOFIA Y LETRAS | PASTO,5305,-7.53994682731903,0.033535122758269385,-7.540849256806427,-7.539044397831632,UNIVERSIDAD DE NARIAO-PASTO,LICENCIATURA EN FILOSOFIA Y LETRAS,PASTO,144.66666666666666,152.20661349398569
2023,INSTITUCION UNIVERSITARIA CENTRO DE ESTUDIOS SUPERIORES MARIA GORETTI-PASTO | LICENCIATURA EN EDUCACION INFANTIL | PASTO,5305,-7.7400244916522105,0.033535122758268046,-7.740926921139608,-7.739122062164813,INSTITUCION UNIVERSITARIA CENTRO DE ESTUDIOS SUPERIORES MARIA GORETTI-PASTO,LICENCIATURA EN EDUCACION INFANTIL,PASTO,127.26315789473682,135.00318238638906
2023,UNIVERSIDAD MARIANA-PASTO | PROFESIONAL EN MERCADEO | PASTO,5305,-7.843817583698493,0.0335351227582692,-7.84472001318589,-7.842915154211095,UNIVERSIDAD MARIANA-PASTO,PROFESIONAL EN MERCADEO,PASTO,131.66666666666666,139.51048425036515
2023,UNIVERSIDAD MARIANA-PASTO | TRABAJO SOCIAL | PASTO,5305,-7.92606866594957,0.0335351227582692,-7.926971095436968,-7.925166236462172,UNIVERSIDAD MARIANA-PASTO,TRABAJO SOCIAL,PASTO,131.58441558441558,139.51048425036515
2023,UNIVERSIDAD DE NARIAO-PASTO | LICENCIATURA EN ARTES VISUALES | PASTO,5305,-7.97584426321646,0.033535122758269385,-7.976746692703857,-7.974941833729062,UNIVERSIDAD DE NARIAO-PASTO,LICENCIATURA EN ARTES VISUALES,PASTO,144.23076923076923,152.20661349398569
2023,UNIVERSIDAD DE NARIAO-PASTO | LICENCIATURA EN MUSICA | PASTO,5305,-8.53994682731903,0.03353512275826036,-8.540849256806426,-8.539044397831633,UNIVERSIDAD DE NARIAO-PASTO,LICENCIATURA EN MUSICA,PASTO,143.66666666666666,152.20661349398569
2023,UNIVERSIDAD DE NARIAO-PASTO | COMERCIO INTERNACIONAL Y MERCADEO | PASTO,5305,-8.873280160652342,0.03353512275826036,-8.874182590139739,-8.872377731164946,UNIVERSIDAD DE NARIAO-PASTO,COMERCIO INTERNACIONAL Y MERCADEO,PASTO,143.33333333333334,152.20661349398569
2023,UNIVERSIDAD DE NARIAO-PASTO | GEOGRAFIA | PASTO,5305,-8.89232777969997,0.03353512275826036,-8.893230209187367,-8.891425350212574,UNIVERSIDAD DE NARIAO-PASTO,GEOGRAFIA,PASTO,143.31428571428572,152.20661349398569
2023,INSTITUCION UNIVERSITARIA CENTRO DE ESTUDIOS SUPERIORES MARIA GORETTI-PASTO | LICENCIATURA EN EDUCACION FISICA | PASTO,5305,-8.96520770284474,0.033535122758264695,-8.966110132332137,-8.964305273357343,INSTITUCION UNIVERSITARIA CENTRO DE ESTUDIOS SUPERIORES MARIA GORETTI-PASTO,LICENCIATURA EN EDUCACION FISICA,PASTO,126.03797468354432,135.00318238638906
2023,CORPORACION UNIVERSITARIA AUTONOMA DE NARIAO -AUNAR-PASTO | ADMINISTRACIAN DE EMPRESAS | IPIALES,1836,-9.263603585346743,0.032191834283092434,-9.265076119770965,-9.262131050922521,CORPORACION UNIVERSITARIA AUTONOMA DE NARIAO -AUNAR-PASTO,ADMINISTRACIAN DE EMPRESAS,IPIALES,130.56983240223462,139.83343598758137
2023,UNIVERSIDAD MARIANA-PASTO | TERAPIA OCUPACIONAL | PASTO,5305,-9.52834139322229,0.03353512275826257,-9.529243822709686,-9.527438963734893,UNIVERSIDAD MARIANA-PASTO,TERAPIA OCUPACIONAL,PASTO,129.98214285714286,139.51048425036515
2023,UNIVERSIDAD DE NARIAO-PASTO | INGENIERIA EN PRODUCCION ACUICOLA | PASTO,5305,-10.706613493985685,0.03353512275826036,-10.707515923473082,-10.705711064498288,UNIVERSIDAD DE NARIAO-PASTO,INGENIERIA EN PRODUCCION ACUICOLA,PASTO,141.5,152.20661349398569
2023,UNIVERSIDAD MARIANA-PASTO | LICENCIATURA EN EDUCACIAN BASICA PRIMARIA | PASTO,5305,-10.955645540687724,0.03353512275826257,-10.956547970175121,-10.954743111200328,UNIVERSIDAD MARIANA-PASTO,LICENCIATURA EN EDUCACIAN BASICA PRIMARIA,PASTO,128.55483870967743,139.51048425036515
2023,UNIVERSIDAD DE NARIAO-PASTO | DISEAO INDUSTRIAL | PASTO,5305,-11.397089684461891,0.03353512275826036,-11.397992113949288,-11.396187254974494,UNIVERSIDAD DE NARIAO-PASTO,DISEAO INDUSTRIAL,PASTO,140.8095238095238,152.20661349398569
2023,UNIVERSIDAD DE NARIAO-PASTO | ZOOTECNIA | PASTO,5305,-13.539946827319028,0.03353512275826036,-13.540849256806425,-13.539044397831631,UNIVERSIDAD DE NARIAO-PASTO,ZOOTECNIA,PASTO,138.66666666666666,152.20661349398569
2023,UNIVERSIDAD DE NARIAO-PASTO | ECONOMAA | IPIALES,1836,-15.183793492078426,0.03219183428309092,-15.185266026502648,-15.182320957654204,UNIVERSIDAD DE NARIAO-PASTO,ECONOMAA,IPIALES,137.013698630137,152.1974921222154
2023,UNIVERSIDAD DE NARIAO-PASTO | INGENIERIA AGROFORESTAL | PASTO,5305,-16.161158948531156,0.03353512275825587,-16.162061378018553,-16.16025651904376,UNIVERSIDAD DE NARIAO-PASTO,INGENIERIA AGROFORESTAL,PASTO,136.04545454545453,152.20661349398569
2023,UNIVERSIDAD DE NARIAO-PASTO | ARTES VISUALES | PASTO,5305,-16.3177246050968,0.03353512275825587,-16.318627034584196,-16.316822175609403,UNIVERSIDAD DE NARIAO-PASTO,ARTES VISUALES,PASTO,135.88888888888889,152.20661349398569
2023,UNIVERSIDAD MARIANA-PASTO | LICENCIATURA EN EDUCACION INFANTIL | PASTO,5305,-18.260484250365153,0.03353512275825433,-18.26138667985255,-18.259581820877756,UNIVERSIDAD MARIANA-PASTO,LICENCIATURA EN EDUCACION INFANTIL,PASTO,121.25,139.51048425036515
2023,UNIVERSIDAD MARIANA-PASTO | COMUNICACION SOCIAL- PERIODISMO | PASTO,5305,-19.510484250365153,0.03353512275825433,-19.51138667985255,-19.509581820877756,UNIVERSIDAD MARIANA-PASTO,COMUNICACION SOCIAL- PERIODISMO,PASTO,120.0,139.51048425036515
