﻿anio,programa_id,n,va_promedio,sd,ic95_inf,ic95_sup,inst_nombre_institucion,estu_prgm_academico,key_muni,media_obs,media_pred
2022,UNIVERSIDAD MARIANA-PASTO | INGENIERIA CIVIL | PASTO,5510,17.71674499404304,7.111551198967877e-15,17.71674499404304,17.71674499404304,UNIVERSIDAD MARIANA-PASTO,INGENIERIA CIVIL,PASTO,156.8021978021978,139.08545280815477
2022,UNIVERSIDAD DE NARIAO-PASTO | BIOLOGIA | PASTO,5510,16.36292998198607,7.111551198967877e-15,16.36292998198607,16.36292998198607,UNIVERSIDAD DE NARIAO-PASTO,BIOLOGIA,PASTO,167.8,151.43707001801394
2022,UNIVERSIDAD DE NARIAO-PASTO | INGENIERIA ELECTRONICA | PASTO,5510,14.047778466834556,3.567675926467808e-15,14.047778466834556,14.047778466834556,UNIVERSIDAD DE NARIAO-PASTO,INGENIERIA ELECTRONICA,PASTO,165.4848484848485,151.43707001801394
2022,UNIVERSIDAD MARIANA-PASTO | INGENIERIA DE PROCESOS | PASTO,5510,13.025658302956346,3.567675926467808e-15,13.025658302956346,13.025658302956346,UNIVERSIDAD MARIANA-PASTO,INGENIERIA DE PROCESOS,PASTO,152.11111111111111,139.08545280815477
2022,UNIVERSIDAD MARIANA-PASTO | COMUNICACION SOCIAL | PASTO,5510,12.145316422614457,3.567675926467808e-15,12.145316422614457,12.145316422614457,UNIVERSIDAD MARIANA-PASTO,COMUNICACION SOCIAL,PASTO,151.23076923076923,139.08545280815477
2022,INSTITUCION UNIVERSITARIA CENTRO DE ESTUDIOS SUPERIORES MARIA GORETTI-PASTO | INGENIERAA ELECTRANICA | PASTO,5510,11.605443548386717,3.567675926467808e-15,11.605443548386717,11.605443548386717,INSTITUCION UNIVERSITARIA CENTRO DE ESTUDIOS SUPERIORES MARIA GORETTI-PASTO,INGENIERAA ELECTRANICA,PASTO,147.33333333333334,135.72788978494663
2022,UNIVERSIDAD MARIANA-PASTO | FISIOTERAPIA | PASTO,5510,11.40434311021258,3.567675926467808e-15,11.40434311021258,11.40434311021258,UNIVERSIDAD MARIANA-PASTO,FISIOTERAPIA,PASTO,150.48979591836735,139.08545280815477
2022,UNIVERSIDAD MARIANA-PASTO | INGENIERIA AMBIENTAL | PASTO,5510,8.594547191845237,3.567675926467808e-15,8.594547191845237,8.594547191845237,UNIVERSIDAD MARIANA-PASTO,INGENIERIA AMBIENTAL,PASTO,147.68,139.08545280815477
2022,UNIVERSIDAD DE NARIAO-PASTO | LICENCIATURA EN ESPAAOL E INGLES | PASTO,5510,8.424998947503298,3.567675926467808e-15,8.424998947503298,8.424998947503298,UNIVERSIDAD DE NARIAO-PASTO,LICENCIATURA EN ESPAAOL E INGLES,PASTO,159.86206896551724,151.43707001801394
2022,UNIVERSIDAD MARIANA-PASTO | INGENIERIA DE SISTEMAS | PASTO,5510,8.271690048988091,3.567675926467808e-15,8.271690048988091,8.271690048988091,UNIVERSIDAD MARIANA-PASTO,INGENIERIA DE SISTEMAS,PASTO,147.35714285714286,139.08545280815477
2022,UNIVERSIDAD MARIANA-PASTO | NUTRICION Y DIETETICA | PASTO,5510,7.200261477559508,3.568358186076503e-15,7.200261477559508,7.200261477559508,UNIVERSIDAD MARIANA-PASTO,NUTRICION Y DIETETICA,PASTO,146.28571428571428,139.08545280815477
2022,UNIVERSIDAD DE NARIAO-PASTO | SOCIOLOGIA | PASTO,5510,6.714445133501214,3.568358186076503e-15,6.714445133501214,6.714445133501214,UNIVERSIDAD DE NARIAO-PASTO,SOCIOLOGIA,PASTO,158.15151515151516,151.43707001801394
2022,UNIVERSIDAD MARIANA-PASTO | CONTADURIA PUBLICA | PASTO,5510,5.653008730306766,3.568358186076503e-15,5.653008730306766,5.653008730306766,UNIVERSIDAD MARIANA-PASTO,CONTADURIA PUBLICA,PASTO,144.73846153846154,139.08545280815477
2022,UNIVERSIDAD DE NARIAO-PASTO | INGENIERIA AMBIENTAL | PASTO,5510,5.312929981986059,3.568358186076503e-15,5.312929981986059,5.312929981986059,UNIVERSIDAD DE NARIAO-PASTO,INGENIERIA AMBIENTAL,PASTO,156.75,151.43707001801394
2022,UNIVERSIDAD DE NARIAO-PASTO | PSICOLOGIA | PASTO,5510,5.029596648652728,3.568358186076503e-15,5.029596648652728,5.029596648652728,UNIVERSIDAD DE NARIAO-PASTO,PSICOLOGIA,PASTO,156.46666666666667,151.43707001801394
2022,UNIVERSIDAD DE NARIAO-PASTO | MEDICINA VETERINARIA | PASTO,5510,5.000429981986059,3.568358186076503e-15,5.000429981986059,5.000429981986059,UNIVERSIDAD DE NARIAO-PASTO,MEDICINA VETERINARIA,PASTO,156.4375,151.43707001801394
2022,UNIVERSIDAD MARIANA-PASTO | INGENIERIA MECATRONICA | PASTO,5510,4.280400850381824,3.568358186076503e-15,4.280400850381824,4.280400850381824,UNIVERSIDAD MARIANA-PASTO,INGENIERIA MECATRONICA,PASTO,143.3658536585366,139.08545280815477
2022,UNIVERSIDAD DE NARIAO-PASTO | INGENIERIA AGROINDUSTRIAL | PASTO,5510,4.175833207792522,3.568358186076503e-15,4.175833207792522,4.175833207792522,UNIVERSIDAD DE NARIAO-PASTO,INGENIERIA AGROINDUSTRIAL,PASTO,155.61290322580646,151.43707001801394
2022,UNIVERSIDAD MARIANA-PASTO | DERECHO | PASTO,5510,3.447014724312765,2.24813279918558e-15,3.447014724312765,3.447014724312765,UNIVERSIDAD MARIANA-PASTO,DERECHO,PASTO,142.53246753246754,139.08545280815477
2022,FUNDACION UNIVERSITARIA CATOLICA DEL SUR - UNICATOLICA DEL SUR-PASTO | ADMINISTRACION DE SERVICIOS DE SALUD | PASTO,5510,2.147110215053374,2.24813279918558e-15,2.147110215053374,2.147110215053374,FUNDACION UNIVERSITARIA CATOLICA DEL SUR - UNICATOLICA DEL SUR-PASTO,ADMINISTRACION DE SERVICIOS DE SALUD,PASTO,137.875,135.72788978494663
2022,UNIVERSIDAD DE NARIAO-PASTO | ECONOMIA | PASTO,5510,1.9170966486527163,1.813039261848152e-15,1.9170966486527163,1.9170966486527163,UNIVERSIDAD DE NARIAO-PASTO,ECONOMIA,PASTO,153.35416666666666,151.43707001801394
2022,UNIVERSIDAD DE NARIAO-PASTO | INGENIERIA DE SISTEMAS | PASTO,5510,1.605183503112812,1.813039261848152e-15,1.605183503112812,1.605183503112812,UNIVERSIDAD DE NARIAO-PASTO,INGENIERIA DE SISTEMAS,PASTO,153.04225352112675,151.43707001801394
2022,UNIVERSIDAD MARIANA-PASTO | ENFERMERIA | PASTO,5510,1.3882314023715594,1.813039261848152e-15,1.3882314023715594,1.3882314023715594,UNIVERSIDAD MARIANA-PASTO,ENFERMERIA,PASTO,140.47368421052633,139.08545280815477
2022,UNIVERSIDAD MARIANA-PASTO | ADMINISTRACION DE NEGOCIOS INTERNACIONALES | PASTO,5510,0.10809557894199885,5.61816321083626e-16,0.10809557894199884,0.10809557894199887,UNIVERSIDAD MARIANA-PASTO,ADMINISTRACION DE NEGOCIOS INTERNACIONALES,PASTO,139.19354838709677,139.08545280815477
2022,CORPORACION UNIVERSITARIA AUTONOMA DE NARIAO -AUNAR-PASTO | ADMINISTRACION DE EMPRESAS | PASTO,5510,-2.2737367544323206e-13,0.0,-2.2737367544323206e-13,-2.2737367544323206e-13,CORPORACION UNIVERSITARIA AUTONOMA DE NARIAO -AUNAR-PASTO,ADMINISTRACION DE EMPRESAS,PASTO,128.26923076923077,128.269230769231
2022,UNIVERSIDAD MARIANA-PASTO | PSICOLOGIA | PASTO,5510,-1.6211670938690477,1.813039261848152e-15,-1.6211670938690477,-1.6211670938690477,UNIVERSIDAD MARIANA-PASTO,PSICOLOGIA,PASTO,137.46428571428572,139.08545280815477
2022,INSTITUCION UNIVERSITARIA CENTRO DE ESTUDIOS SUPERIORES MARIA GORETTI-PASTO | PSICOLOGIA | PASTO,5510,-2.024663978494999,2.24813279918558e-15,-2.024663978494999,-2.024663978494999,INSTITUCION UNIVERSITARIA CENTRO DE ESTUDIOS SUPERIORES MARIA GORETTI-PASTO,PSICOLOGIA,PASTO,133.70322580645163,135.72788978494663
2022,UNIVERSIDAD MARIANA-PASTO | TRABAJO SOCIAL | PASTO,5510,-4.629756605623129,3.568358186076503e-15,-4.629756605623129,-4.629756605623129,UNIVERSIDAD MARIANA-PASTO,TRABAJO SOCIAL,PASTO,134.45569620253164,139.08545280815477
2022,UNIVERSIDAD MARIANA-PASTO | TERAPIA OCUPACIONAL | PASTO,5510,-4.752119474821427,3.568358186076503e-15,-4.752119474821427,-4.752119474821427,UNIVERSIDAD MARIANA-PASTO,TERAPIA OCUPACIONAL,PASTO,134.33333333333334,139.08545280815477
2022,UNIVERSIDAD DE NARIAO-PASTO | LICENCIATURA EN MUSICA | PASTO,5510,-4.8870700180139295,3.568358186076503e-15,-4.8870700180139295,-4.8870700180139295,UNIVERSIDAD DE NARIAO-PASTO,LICENCIATURA EN MUSICA,PASTO,146.55,151.43707001801394
2022,UNIVERSIDAD MARIANA-PASTO | PROFESIONAL EN MERCADEO | PASTO,5510,-5.955823178525151,3.568358186076503e-15,-5.955823178525151,-5.955823178525151,UNIVERSIDAD MARIANA-PASTO,PROFESIONAL EN MERCADEO,PASTO,133.12962962962962,139.08545280815477
2022,UNIVERSIDAD DE NARIAO-PASTO | DISEAO GRAFICO | PASTO,5510,-6.70022791275079,3.568358186076503e-15,-6.70022791275079,-6.70022791275079,UNIVERSIDAD DE NARIAO-PASTO,DISEAO GRAFICO,PASTO,144.73684210526315,151.43707001801394
2022,UNIVERSIDAD MARIANA-PASTO | LICENCIATURA EN EDUCACIAN BASICA PRIMARIA | PASTO,5510,-8.496845213218052,3.567675926467808e-15,-8.496845213218052,-8.496845213218052,UNIVERSIDAD MARIANA-PASTO,LICENCIATURA EN EDUCACIAN BASICA PRIMARIA,PASTO,130.58860759493672,139.08545280815477
2022,UNIVERSIDAD DE NARIAO-PASTO | LICENCIATURA EN FILOSOFIA Y LETRAS | PASTO,5510,-8.957903351347284,3.567675926467808e-15,-8.957903351347284,-8.957903351347284,UNIVERSIDAD DE NARIAO-PASTO,LICENCIATURA EN FILOSOFIA Y LETRAS,PASTO,142.47916666666666,151.43707001801394
2022,UNIVERSIDAD MARIANA-PASTO | LICENCIATURA EN EDUCACION INFANTIL | PASTO,5510,-9.694148460328677,3.567675926467808e-15,-9.694148460328677,-9.694148460328677,UNIVERSIDAD MARIANA-PASTO,LICENCIATURA EN EDUCACION INFANTIL,PASTO,129.3913043478261,139.08545280815477
2022,UNIVERSIDAD DE NARIAO-PASTO | LICENCIATURA EN CIENCIAS NATURALES Y EDUCACIAN AMBIENTAL | PASTO,5510,-11.195690707669115,3.567675926467808e-15,-11.195690707669115,-11.195690707669115,UNIVERSIDAD DE NARIAO-PASTO,LICENCIATURA EN CIENCIAS NATURALES Y EDUCACIAN AMBIENTAL,PASTO,140.24137931034483,151.43707001801394
2022,INSTITUCION UNIVERSITARIA CENTRO DE ESTUDIOS SUPERIORES MARIA GORETTI-PASTO | LICENCIATURA EN EDUCACION PREESCOLAR | PASTO,5510,-11.727889784946626,3.567675926467808e-15,-11.727889784946626,-11.727889784946626,INSTITUCION UNIVERSITARIA CENTRO DE ESTUDIOS SUPERIORES MARIA GORETTI-PASTO,LICENCIATURA EN EDUCACION PREESCOLAR,PASTO,124.0,135.72788978494663
2022,UNIVERSIDAD DE NARIAO-PASTO | ARTES VISUALES | PASTO,5510,-16.57992716087108,7.111551198967877e-15,-16.57992716087108,-16.57992716087108,UNIVERSIDAD DE NARIAO-PASTO,ARTES VISUALES,PASTO,134.85714285714286,151.43707001801394
2022,UNIVERSIDAD DE NARIAO-PASTO | ADMINISTRACIAN DE EMPRESAS | PASTO,5510,-20.270403351347284,7.111551198967877e-15,-20.270403351347284,-20.270403351347284,UNIVERSIDAD DE NARIAO-PASTO,ADMINISTRACIAN DE EMPRESAS,PASTO,131.16666666666666,151.43707001801394
2022,UNIVERSIDAD MARIANA-PASTO | LICENCIATURA EN EDUCACION PREESCOLAR | PASTO,5510,-58.08545280815477,7.110584627274799e-15,-58.08545280815477,-58.08545280815477,UNIVERSIDAD MARIANA-PASTO,LICENCIATURA EN EDUCACION PREESCOLAR,PASTO,81.0,139.08545280815477
