﻿anio,programa_id,n,va_promedio,sd,ic95_inf,ic95_sup,inst_nombre_institucion,estu_prgm_academico,key_muni,media_obs,media_pred
2020,UNIVERSIDAD DE NARIAO-PASTO | QUIMICA | PASTO,5141,22.86457663944445,0.008719047663488702,22.864338297037303,22.864814981851598,UNIVERSIDAD DE NARIAO-PASTO,QUIMICA,PASTO,172.85714285714286,149.9925662176984
2020,UNIVERSIDAD MARIANA-PASTO | INGENIERIA DE SISTEMAS | PASTO,5141,11.536144878546908,0.008719047663528275,11.535906536139759,11.536383220954058,UNIVERSIDAD MARIANA-PASTO,INGENIERIA DE SISTEMAS,PASTO,156.26666666666668,144.73052178811977
2020,UNIVERSIDAD MARIANA-PASTO | INGENIERIA CIVIL | PASTO,5141,11.338443729121595,0.008719047663528275,11.338205386714446,11.338682071528744,UNIVERSIDAD MARIANA-PASTO,INGENIERIA CIVIL,PASTO,156.06896551724137,144.73052178811977
2020,UNIVERSIDAD DE NARIAO-PASTO | LICENCIATURA EN EDUCACION BASICA CON ENFASIS EN CIENCIAS SOCIALES | PASTO,5141,10.150290925158728,0.008719047663530054,10.150052582751579,10.150529267565878,UNIVERSIDAD DE NARIAO-PASTO,LICENCIATURA EN EDUCACION BASICA CON ENFASIS EN CIENCIAS SOCIALES,PASTO,160.14285714285714,149.9925662176984
2020,UNIVERSIDAD DE NARIAO-PASTO | LICENCIATURA EN ESPAAOL E INGLES | PASTO,5141,9.795895320763137,0.008719047663530054,9.795656978355987,9.796133663170286,UNIVERSIDAD DE NARIAO-PASTO,LICENCIATURA EN ESPAAOL E INGLES,PASTO,159.78846153846155,149.9925662176984
2020,INSTITUCION UNIVERSITARIA CENTRO DE ESTUDIOS SUPERIORES MARIA GORETTI-PASTO | INGENIERAA ELECTRANICA | PASTO,5141,7.704930429522105,0.008719047663532582,7.704692087114956,7.705168771929254,INSTITUCION UNIVERSITARIA CENTRO DE ESTUDIOS SUPERIORES MARIA GORETTI-PASTO,INGENIERAA ELECTRANICA,PASTO,144.60526315789474,136.90033272837263
2020,UNIVERSIDAD DE NARIAO-PASTO | CONTADURAA PABLICA | PASTO,5141,7.35525986925812,0.008719047663527692,7.355021526850971,7.355498211665269,UNIVERSIDAD DE NARIAO-PASTO,CONTADURAA PABLICA,PASTO,157.34782608695653,149.9925662176984
2020,UNIVERSIDAD MARIANA-PASTO | INGENIERIA DE PROCESOS | PASTO,5141,6.692555134957162,0.00871904766353148,6.692316792550013,6.692793477364312,UNIVERSIDAD MARIANA-PASTO,INGENIERIA DE PROCESOS,PASTO,151.42307692307693,144.73052178811977
2020,UNIVERSIDAD MARIANA-PASTO | DERECHO | PASTO,5141,5.175275313329508,0.00871904766353148,5.175036970922359,5.1755136557366574,UNIVERSIDAD MARIANA-PASTO,DERECHO,PASTO,149.90579710144928,144.73052178811977
2020,UNIVERSIDAD MARIANA-PASTO | INGENIERIA MECATRONICA | PASTO,5141,4.62662106902309,0.00871904766353148,4.62638272661594,4.626859411430239,UNIVERSIDAD MARIANA-PASTO,INGENIERIA MECATRONICA,PASTO,149.35714285714286,144.73052178811977
2020,UNIVERSIDAD MARIANA-PASTO | ENFERMERIA | PASTO,5141,3.804361932810453,0.008719047663529723,3.8041235904033037,3.8046002752176022,UNIVERSIDAD MARIANA-PASTO,ENFERMERIA,PASTO,148.53488372093022,144.73052178811977
2020,UNIVERSIDAD MARIANA-PASTO | INGENIERIA AMBIENTAL | PASTO,5141,3.6913532118802284,0.008719047663529723,3.691114869473079,3.6915915542873776,UNIVERSIDAD MARIANA-PASTO,INGENIERIA AMBIENTAL,PASTO,148.421875,144.73052178811977
2020,UNIVERSIDAD DE NARIAO-PASTO | LICENCIATURA EN CIENCIAS NATURALES Y EDUCACIAN AMBIENTAL | PASTO,5141,2.8074337823016013,0.00871904766353057,2.807195439894452,2.8076721247087506,UNIVERSIDAD DE NARIAO-PASTO,LICENCIATURA EN CIENCIAS NATURALES Y EDUCACIAN AMBIENTAL,PASTO,152.8,149.9925662176984
2020,UNIVERSIDAD MARIANA-PASTO | NUTRICION Y DIETETICA | PASTO,5141,2.5228115452135587,0.008719047663529723,2.5225732028064094,2.523049887620708,UNIVERSIDAD MARIANA-PASTO,NUTRICION Y DIETETICA,PASTO,147.25333333333333,144.73052178811977
2020,UNIVERSIDAD MARIANA-PASTO | CONTADURIA PUBLICA | PASTO,5141,1.6092840371229342,0.008719047663532077,1.609045694715785,1.6095223795300835,UNIVERSIDAD MARIANA-PASTO,CONTADURIA PUBLICA,PASTO,146.3398058252427,144.73052178811977
2020,UNIVERSIDAD MARIANA-PASTO | FISIOTERAPIA | PASTO,5141,1.4559188898463178,0.008719047663532077,1.4556805474391685,1.456157232253467,UNIVERSIDAD MARIANA-PASTO,FISIOTERAPIA,PASTO,146.1864406779661,144.73052178811977
2020,UNIVERSIDAD MARIANA-PASTO | COMUNICACION SOCIAL | PASTO,5141,-1.2759763335743044,0.008719047663532077,-1.2762146759814537,-1.2757379911671551,UNIVERSIDAD MARIANA-PASTO,COMUNICACION SOCIAL,PASTO,143.45454545454547,144.73052178811977
2020,UNIVERSIDAD MARIANA-PASTO | TRABAJO SOCIAL | PASTO,5141,-1.8200740269257365,0.008719047663532077,-1.8203123693328858,-1.8198356845185872,UNIVERSIDAD MARIANA-PASTO,TRABAJO SOCIAL,PASTO,142.91044776119404,144.73052178811977
2020,UNIVERSIDAD DE NARIAO-PASTO | LICENCIATURA EN EDUCACION PREESCOLAR Y BASICA PRIMARIA: INGLES | IPIALES,1591,-2.990081338528116,0.007873012118470692,-2.990468205720308,-2.9896944713359246,UNIVERSIDAD DE NARIAO-PASTO,LICENCIATURA EN EDUCACION PREESCOLAR Y BASICA PRIMARIA: INGLES,IPIALES,147.0,149.9900813385281
2020,UNIVERSIDAD MARIANA-PASTO | TERAPIA OCUPACIONAL | PASTO,5141,-3.137929195527191,0.008719047663529723,-3.1381675379343403,-3.137690853120042,UNIVERSIDAD MARIANA-PASTO,TERAPIA OCUPACIONAL,PASTO,141.59259259259258,144.73052178811977
2020,UNIVERSIDAD MARIANA-PASTO | PSICOLOGIA | PASTO,5141,-3.759933552825656,0.008719047663529723,-3.7601718952328054,-3.759695210418507,UNIVERSIDAD MARIANA-PASTO,PSICOLOGIA,PASTO,140.97058823529412,144.73052178811977
2020,UNIVERSIDAD MARIANA-PASTO | ADMINISTRACION DE NEGOCIOS INTERNACIONALES | PASTO,5141,-4.844158151756146,0.00871904766353148,-4.844396494163295,-4.843919809348996,UNIVERSIDAD MARIANA-PASTO,ADMINISTRACION DE NEGOCIOS INTERNACIONALES,PASTO,139.88636363636363,144.73052178811977
2020,UNIVERSIDAD DE NARIAO-PASTO | INGENIERIA EN PRODUCCION ACUICOLA | PASTO,5141,-6.881455106587296,0.008719047663527692,-6.8816934489944455,-6.881216764180147,UNIVERSIDAD DE NARIAO-PASTO,INGENIERIA EN PRODUCCION ACUICOLA,PASTO,143.11111111111111,149.9925662176984
2020,UNIVERSIDAD DE NARIAO-PASTO | ZOOTECNIA | PASTO,5141,-7.027048976319107,0.008719047663527692,-7.027287318726256,-7.026810633911958,UNIVERSIDAD DE NARIAO-PASTO,ZOOTECNIA,PASTO,142.9655172413793,149.9925662176984
2020,INSTITUCION UNIVERSITARIA CENTRO DE ESTUDIOS SUPERIORES MARIA GORETTI-PASTO | LICENCIATURA EN EDUCACION FISICA | PASTO,5141,-7.704930429522054,0.008719047663532582,-7.705168771929204,-7.704692087114905,INSTITUCION UNIVERSITARIA CENTRO DE ESTUDIOS SUPERIORES MARIA GORETTI-PASTO,LICENCIATURA EN EDUCACION FISICA,PASTO,129.19540229885058,136.90033272837263
2020,UNIVERSIDAD DE NARIAO-PASTO | ARTES VISUALES | PASTO,5141,-8.059232884365073,0.008719047663530054,-8.059471226772223,-8.058994541957924,UNIVERSIDAD DE NARIAO-PASTO,ARTES VISUALES,PASTO,141.93333333333334,149.9925662176984
2020,UNIVERSIDAD MARIANA-PASTO | PROFESIONAL EN MERCADEO | PASTO,5141,-8.201950359548333,0.008719047663528275,-8.202188701955482,-8.201712017141183,UNIVERSIDAD MARIANA-PASTO,PROFESIONAL EN MERCADEO,PASTO,136.52857142857144,144.73052178811977
2020,UNIVERSIDAD DE NARIAO-PASTO | LICENCIATURA EN ARTES VISUALES | PASTO,5141,-12.087804312936512,0.008719047663530054,-12.088042655343662,-12.087565970529363,UNIVERSIDAD DE NARIAO-PASTO,LICENCIATURA EN ARTES VISUALES,PASTO,137.9047619047619,149.9925662176984
2020,UNIVERSIDAD MARIANA-PASTO | LICENCIATURA EN EDUCACIAN BASICA PRIMARIA | PASTO,5141,-12.136771788119772,0.008719047663528275,-12.137010130526921,-12.136533445712622,UNIVERSIDAD MARIANA-PASTO,LICENCIATURA EN EDUCACIAN BASICA PRIMARIA,PASTO,132.59375,144.73052178811977
2020,UNIVERSIDAD MARIANA-PASTO | LICENCIATURA EN EDUCACION PREESCOLAR | PASTO,5141,-17.275976333574317,0.008719047663486393,-17.276214675981464,-17.27573799116717,UNIVERSIDAD MARIANA-PASTO,LICENCIATURA EN EDUCACION PREESCOLAR,PASTO,127.45454545454544,144.73052178811977
2020,UNIVERSIDAD DE NARIAO-PASTO | DISEAO GRAFICO Y MULTIMEDIAL | PASTO,5141,-17.99256621769841,0.008719047663488702,-17.992804560105558,-17.992327875291263,UNIVERSIDAD DE NARIAO-PASTO,DISEAO GRAFICO Y MULTIMEDIAL,PASTO,132.0,149.9925662176984
